label,eccentricity,area_um2,diameter_um,perimeter_um,centroid_x_um,centroid_y_um,circularity
1,0.1337647495853136,164541200.0,14474.127351180014,155743.4876558261,11675.596677306352,12264.577090722567,0.08524417903735826
2,0.0,2000.0,50.46265044040321,113.13708498984761,13040.0,1520.0,1.963495408340222
3,0.3893237031375052,57600.0,270.811000102923,864.2640687119285,9340.833333333334,1910.4166666666665,0.9690349295547692
4,0.0,2000.0,50.46265044040321,113.13708498984761,12360.0,1900.0,1.963495408340222
5,0.347280702364684,24000.0,174.80774889473267,522.842712474619,15178.666666666666,2315.0,1.1032628324103244
6,0.3834113099218224,26800.0,184.7236308621676,551.1269837220809,13036.41791044776,2358.507462686567,1.1087695947460583
7,0.5567788765814873,24800.0,177.69732893161913,534.5584412271571,13490.967741935483,2395.483870967742,1.0906142328430222
8,0.0,2000.0,50.46265044040321,113.13708498984761,9620.0,3100.0,1.963495408340222
9,0.33033044000414546,44800.0,238.83285285767386,727.6955262170047,13210.535714285714,3238.3928571428573,1.06313512760421
10,0.04095129078967086,26800.0,184.7236308621676,546.2741699796952,8818.20895522388,3239.4029850746265,1.1285565518189482
11,0.3062371287511187,54800.0,264.14679072721464,812.5483399593904,9981.459854014598,3589.0510948905107,1.0430184908306068
12,0.3474010838475227,24000.0,174.80774889473267,522.842712474619,14184.333333333334,3541.333333333333,1.1032628324103244
13,0.5849866175853744,9600.0,110.55812783082736,301.4213562373095,15802.5,3733.333333333333,1.3278012032019386
14,0.5866857344558972,7200.0,95.74614729634384,261.4213562373095,16114.444444444443,3763.333333333333,1.3239153988778602
15,0.0,2000.0,50.46265044040321,113.13708498984761,15600.0,3780.0,1.963495408340222
16,0.46810788034682427,33600.0,206.83531783305642,631.1269837220809,17896.190476190477,3855.4761904761904,1.060023867378105
17,0.0,2000.0,50.46265044040321,113.13708498984761,17080.0,3860.0,1.963495408340222
18,0.3001353913053619,16800.0,146.25465582862904,515.9797974644666,5188.0952380952385,3937.1428571428573,0.7929645098216865
19,0.5849866175853743,9600.0,110.55812783082736,301.4213562373095,18677.5,4286.666666666667,1.3278012032019386
20,0.5207037318817047,7600.0,98.3698151873187,261.4213562373095,4803.1578947368425,4376.8421052631575,1.3974662543710747
21,0.0,2000.0,50.46265044040321,113.13708498984761,18920.0,4700.0,1.963495408340222
22,0.0,2000.0,50.46265044040321,113.13708498984761,11680.0,4920.0,1.963495408340222
23,0.0,2000.0,50.46265044040321,113.13708498984761,5480.0,5180.0,1.963495408340222
24,0.0,2000.0,50.46265044040321,113.13708498984761,19200.0,5260.0,1.963495408340222
25,0.42519315270586355,22800.0,170.38151783559658,522.842712474619,4845.6140350877195,5561.754385964912,1.0480996907898081
26,0.5773502691896258,6400.0,90.270333367641,233.1370849898476,12160.0,5650.0,1.4796776499902178
27,0.16888080133695046,18400.0,153.06079714651622,442.842712474619,18370.0,5923.478260869565,1.1790403893427925
28,0.5773502691896258,3200.0,63.83076486422923,153.1370849898476,13170.0,6420.0,1.7147432047717244
29,0.0,2000.0,50.46265044040321,113.13708498984761,14700.0,6580.0,1.963495408340222
30,0.4509717590117594,12000.0,123.60774464742066,341.4213562373095,3407.3333333333335,6647.333333333334,1.2936290026752557
31,0.36624554818214167,26000.0,181.9456736586892,551.1269837220809,7041.846153846154,6753.846153846153,1.0756719949028923
32,0.4885387645851213,16400.0,144.50303987687133,431.12698372208087,15439.512195121952,6887.804878048781,1.108774682273551
33,0.0,4800.0,78.17640190446718,193.1370849898476,18930.0,7070.0,1.6170362533145917
34,0.0,2000.0,50.46265044040321,113.13708498984761,9220.0,7100.0,1.963495408340222
35,0.0,2000.0,50.46265044040321,113.13708498984761,19300.0,7180.0,1.963495408340222
36,0.0,4800.0,78.17640190446718,193.1370849898476,12730.0,7290.0,1.6170362533145917
37,0.0,2000.0,50.46265044040321,113.13708498984761,17520.0,7320.0,1.963495408340222
38,0.5773502691896258,3200.0,63.83076486422923,153.1370849898476,3870.0,7420.0,1.7147432047717244
39,0.27209945302352534,27200.0,186.09705966725113,567.6955262170047,5697.941176470587,7524.411764705883,1.0605907243719992
40,0.5440588203494177,10400.0,115.07254783503184,313.1370849898476,8100.0,7810.0,1.3328282662067954
41,0.0,2000.0,50.46265044040321,113.13708498984761,8000.0,8260.0,1.963495408340222
42,0.537318610054862,8800.0,105.85134856802455,289.7056274847714,4510.0,8585.454545454544,1.3175850953129944
43,0.3559748719737539,23200.0,171.86959427966244,501.4213562373095,6172.068965517242,8632.068965517243,1.159557246907661
44,0.0,12800.0,127.66152972845846,353.1370849898476,6390.0,8770.0,1.2898320915059882
45,0.5773502691896258,6400.0,90.270333367641,233.1370849898476,12130.0,9280.0,1.4796776499902178
46,0.4464331142884258,15200.0,139.11592676604096,397.9898987322333,4491.578947368421,9436.842105263158,1.2058946070882788
47,0.5563486402641867,4800.0,78.17640190446718,209.7056274847714,11800.0,9416.666666666666,1.371610911633414
48,0.0,4800.0,78.17640190446718,193.1370849898476,4290.0,9470.0,1.6170362533145917
49,0.0,2000.0,50.46265044040321,113.13708498984761,21360.0,9500.0,1.963495408340222
50,0.7226591383582849,7200.0,95.74614729634384,261.4213562373095,16532.222222222223,9605.555555555555,1.3239153988778602
51,0.5773502691896258,3200.0,63.83076486422923,153.1370849898476,6740.0,9750.0,1.7147432047717244
52,0.816496580927726,3200.0,63.83076486422923,113.13708498984761,11130.0,9750.0,3.1415926533443557
53,0.0,2000.0,50.46265044040321,113.13708498984761,1620.0,9760.0,1.963495408340222
54,0.5983861878397494,16000.0,142.7299292922217,442.842712474619,18732.0,9813.5,1.0252525124719936
55,0.6379094078906983,8400.0,103.41765891652821,289.7056274847714,3949.5238095238096,9867.619047619048,1.2576948637078582
56,0.35367328862559694,53600.0,261.2386640560787,824.2640687119285,2071.0447761194027,10147.014925373134,0.9913840255102265
57,0.5773502691896258,6400.0,90.270333367641,233.1370849898476,8460.0,10050.0,1.4796776499902178
58,0.0,2000.0,50.46265044040321,113.13708498984761,15900.0,10080.0,1.963495408340222
59,0.0,2000.0,50.46265044040321,113.13708498984761,4340.0,10200.0,1.963495408340222
60,0.5849866175853744,9600.0,110.55812783082736,301.4213562373095,20622.5,10226.666666666666,1.3278012032019386
61,0.5773502691896258,3200.0,63.83076486422923,153.1370849898476,21360.0,10250.0,1.7147432047717244
62,0.5772605011571389,20800.0,162.73715780512876,482.842712474619,14810.76923076923,10318.076923076924,1.121145135656697
63,0.1904761904761901,11200.0,119.41642642883693,329.70562748477136,6610.0,10664.285714285714,1.2947179437533511
64,0.6874877446571902,8400.0,103.41765891652821,289.7056274847714,3645.7142857142853,10801.904761904761,1.2576948637078582
65,0.13491358179982915,16400.0,144.50303987687133,409.70562748477136,7460.0,10824.878048780487,1.2277497479126047
66,0.3651649694776038,24000.0,174.80774889473267,517.9898987322333,1935.0,10952.666666666666,1.1240316092569491
67,0.0,4800.0,78.17640190446718,193.1370849898476,18970.0,10950.0,1.6170362533145917
68,0.6164414002968978,4000.0,71.36496464611085,181.4213562373095,2454.0,10966.0,1.5271898776602446
69,0.41792368492942683,18400.0,153.06079714651622,454.5584412271571,21786.521739130436,11271.739130434782,1.1190467566157238
70,0.430331482911935,14000.0,133.5116235624909,386.2741699796952,4380.0,11620.0,1.1790889347322633
71,0.21463237774583271,76400.0,311.8902069924069,972.5483399593904,6994.869109947644,11763.769633507854,1.0150345586144096
72,0.7685222550084844,6400.0,90.270333367641,249.7056274847714,6090.0,11810.0,1.2898320914956451
73,0.8749653919296679,6400.0,90.270333367641,266.2741699796952,6390.0,12100.0,1.1343099947926802
74,0.3571164654045968,40000.0,225.6758334191025,704.2640687119285,1994.1999999999998,12248.599999999999,1.013441752074915
75,0.6720406680775184,10400.0,115.07254783503184,329.70562748477136,14833.846153846154,12190.0,1.2022380906281118
76,0.0,2000.0,50.46265044040321,113.13708498984761,11780.0,12200.0,1.963495408340222
77,0.0,2000.0,50.46265044040321,113.13708498984761,17100.0,12260.0,1.963495408340222
78,0.6898605623642444,8800.0,105.85134856802455,289.7056274847714,6660.0,12550.0,1.3175850953129944
79,0.3018827655051409,84400.0,327.8130832893156,1033.9696961967,19097.251184834124,12722.180094786729,0.9920571454869138
80,0.5773502691896258,3200.0,63.83076486422923,153.1370849898476,1810.0,12840.0,1.7147432047717244
81,0.5773502691896258,3200.0,63.83076486422923,153.1370849898476,19010.0,13620.0,1.7147432047717244
82,0.5773502691896258,3200.0,63.83076486422923,153.1370849898476,7750.0,13880.0,1.7147432047717244
83,0.0,2000.0,50.46265044040321,113.13708498984761,15940.0,13940.0,1.963495408340222
84,0.6495461882991145,10400.0,115.07254783503184,329.70562748477136,7661.538461538462,14236.153846153846,1.2022380906281118
85,0.0,2000.0,50.46265044040321,113.13708498984761,13480.0,14500.0,1.963495408340222
86,0.0,2000.0,50.46265044040321,113.13708498984761,21500.0,15180.0,1.963495408340222
87,0.5207037318817046,7600.0,98.3698151873187,261.4213562373095,14296.842105263158,15283.157894736842,1.3974662543710747
88,0.5849866175853743,9600.0,110.55812783082736,301.4213562373095,13386.666666666668,15562.5,1.3278012032019386
89,0.5773502691896258,3200.0,63.83076486422923,153.1370849898476,3720.0,15590.0,1.7147432047717244
90,0.6292889820590859,5600.0,84.44016491289504,221.4213562373095,20375.714285714286,15772.857142857141,1.4353535174388334
91,0.0,2000.0,50.46265044040321,113.13708498984761,11100.0,15940.0,1.963495408340222
92,0.0,2000.0,50.46265044040321,113.13708498984761,18920.0,16780.0,1.963495408340222
93,0.6292889820590859,5600.0,84.44016491289504,221.4213562373095,16052.857142857141,17224.285714285714,1.4353535174388334
94,0.7296608671767802,5200.0,81.36857890256438,221.4213562373095,12975.384615384613,17544.615384615387,1.3328282661932025
95,0.0,2000.0,50.46265044040321,113.13708498984761,3940.0,17540.0,1.963495408340222
96,0.32866007799124036,40400.0,226.80140565547774,687.6955262170047,16978.41584158416,17839.0099009901,1.0734920462821673
97,0.6598092915007954,9200.0,108.23032759612019,301.4213562373095,9544.347826086956,17946.08695652174,1.2724761530685245
98,0.6164414002968978,4000.0,71.36496464611085,181.4213562373095,18246.0,17934.0,1.5271898776602446
99,0.4760065949973938,10400.0,115.07254783503184,317.9898987322333,19293.076923076922,17953.076923076922,1.2924583435553427
100,0.3712452525435038,76400.0,311.8902069924069,972.5483399593904,10347.958115183246,18063.664921465966,1.0150345586144096
101,0.4621420746803289,1724800.0,1481.9188799523436,4922.152954766495,14363.381261595548,18737.657699443414,0.8946195760693172
102,0.2677475378977797,48800.0,249.2671052968601,772.5483399593904,17635.737704918032,18203.60655737705,1.0274917859861372
103,0.5773502691896258,3200.0,63.83076486422923,153.1370849898476,4980.0,18190.0,1.7147432047717244
104,0.0,2000.0,50.46265044040321,113.13708498984761,7840.0,18180.0,1.963495408340222
105,0.6598092915007954,9200.0,108.23032759612019,301.4213562373095,9824.347826086956,18973.91304347826,1.2724761530685245
106,0.5773502691896258,3200.0,63.83076486422923,153.1370849898476,4720.0,19110.0,1.7147432047717244
107,0.0,2000.0,50.46265044040321,113.13708498984761,12840.0,19140.0,1.963495408340222
108,0.5773502691896258,3200.0,63.83076486422923,153.1370849898476,5290.0,19240.0,1.7147432047717244
109,0.8193342786072867,4400.0,74.84820637019111,181.4213562373095,5100.0,19267.272727272728,1.6799088654262693
110,0.0,2000.0,50.46265044040321,113.13708498984761,17540.0,19260.0,1.963495408340222
111,0.5773502691896258,3200.0,63.83076486422923,153.1370849898476,5020.0,19370.0,1.7147432047717244
112,0.6164414002968978,4000.0,71.36496464611085,181.4213562373095,5134.0,19374.0,1.5271898776602446
113,0.0,2000.0,50.46265044040321,113.13708498984761,15300.0,19660.0,1.963495408340222
114,0.27571453260393997,37600.0,218.80083839428522,671.1269837220809,12094.468085106382,19777.44680851064,1.0490309646522422
115,0.7296608671767802,5200.0,81.36857890256438,221.4213562373095,15404.615384615387,19715.384615384613,1.3328282661932025
116,0.4541475531146237,12000.0,123.60774464742066,346.2741699796952,6730.0,20020.0,1.2576242881585513
117,0.5773502691896258,6400.0,90.270333367641,233.1370849898476,11690.0,20340.0,1.4796776499902178
118,0.0,2000.0,50.46265044040321,113.13708498984761,9920.0,20900.0,1.963495408340222
119,0.0,2000.0,50.46265044040321,113.13708498984761,12580.0,21280.0,1.963495408340222
120,0.5773502691896258,3200.0,63.83076486422923,153.1370849898476,11640.0,21830.0,1.7147432047717244
