z_index,z_position_mm,pores_fraction,resin_fraction,material_fraction,total_fraction
0,0.0,0.05687506952942485,0.32105907219935476,0.6220658582712204,1.0
1,0.08,0.04936589164534431,0.31227055289798644,0.6383635554566692,1.0
2,0.16,0.040799866503504284,0.3019245744799199,0.6572755590165759,1.0
3,0.24,0.03351318277895205,0.2925241962398487,0.6739626209811992,1.0
4,0.32,0.028952052508621647,0.2734175102903549,0.6976304372010235,1.0
5,0.4,0.025503393035932808,0.2617365669151185,0.7127600400489487,1.0
6,0.48,0.022527533652241628,0.25280898876404495,0.7246634775837134,1.0
7,0.56,0.017966403381911224,0.24663477583713428,0.7353988207809545,1.0
8,0.64,0.013266214261875625,0.24877628212259428,0.7379575036155301,1.0
9,0.72,0.01198687284458783,0.24607854043831348,0.7419345867170987,1.0
10,0.8,0.009956613638891979,0.24135053954833685,0.7486928468127712,1.0
11,0.88,0.009428190010012237,0.23834686839470465,0.7522249415952831,1.0
12,0.96,0.00817666036266548,0.237178774057181,0.7546445655801535,1.0
13,1.04,0.007703860273667817,0.2366781621982423,0.7556179775280899,1.0
14,1.12,0.006285460006674824,0.23139392590944488,0.7623206140838803,1.0
15,1.2,0.006869507175436645,0.2267771720992324,0.7663533207253309,1.0
16,1.28,0.005896095227500278,0.2233007008566025,0.7708032039158972,1.0
17,1.36,0.004338636110802091,0.2203526532428524,0.7753087106463455,1.0
18,1.44,0.0036711536322171544,0.21987985315385472,0.7764489932139281,1.0
19,1.52,0.004283012570920014,0.21314940482812325,0.7825675826009567,1.0
20,1.6,0.0037824007119813103,0.21490154633440872,0.78131605295361,1.0
21,1.68,0.004060518411391701,0.22063077094226277,0.7753087106463455,1.0
22,1.76,0.005228612748915341,0.23061519635109579,0.7641561908999889,1.0
23,1.84,0.00611858938702859,0.23231171431749917,0.7615696962954722,1.0
24,1.92,0.005979530537323395,0.22702747802870174,0.7669929914339748,1.0
25,2.0,0.0057848481477361215,0.2139559461564134,0.7802592056958505,1.0
26,2.08,0.005089553899210146,0.20196907331182556,0.7929413727889643,1.0
27,2.16,0.004867059739681833,0.19356991878963178,0.8015630214706864,1.0
28,2.24,0.00436644788074313,0.19206808321281565,0.8035654689064412,1.0
29,2.32,0.005423295138502615,0.19368116586939593,0.8008955389921014,1.0
30,2.4,0.005506730448325731,0.20041161419512737,0.7940816553565468,1.0
31,2.48,0.005228612748915341,0.20533429747469129,0.7894370897763934,1.0
32,2.56,0.004533318500389365,0.21362220491712092,0.7818444765824897,1.0
33,2.64,0.0043108243408610525,0.21935142952497497,0.776337746134164,1.0
34,2.72,0.00436644788074313,0.21593058182222716,0.7797029702970297,1.0
35,2.8000000000000003,0.0038102124819223496,0.20627989765268662,0.789909889865391,1.0
36,2.88,0.0036155300923350763,0.20146846145288685,0.7949160084547781,1.0
37,2.96,0.003476471242629881,0.20010568472577595,0.7964178440315942,1.0
38,3.04,0.0035320947825119593,0.20096784959394817,0.7955000556235399,1.0
39,3.12,0.0036989654021581933,0.20416620313716766,0.7921348314606742,1.0
40,3.2,0.003420847702747803,0.2125375458894204,0.7840416064078318,1.0
41,3.2800000000000002,0.0031983535432194904,0.22057514740238068,0.7762264990543998,1.0
42,3.36,0.003448659472688842,0.22366225386583602,0.7728890866614752,1.0
43,3.44,0.00350428301257092,0.22216041828901992,0.7743352986984091,1.0
44,3.52,0.003643341862276115,0.21993547669373678,0.7764211814439871,1.0
45,3.6,0.0038936477917454666,0.22232728890866615,0.7737790632995883,1.0
46,3.68,0.00525642451885638,0.22057514740238068,0.774168428078763,1.0
47,3.7600000000000002,0.005701412837913005,0.21476248748470353,0.7795360996773835,1.0
48,3.84,0.0040048948715096224,0.21178662810101234,0.784208477027478,1.0
49,3.92,0.002224941595283124,0.20561241517410167,0.7921626432306152,1.0
50,4.0,0.0026421181443987097,0.2026365557904105,0.7947213260651907,1.0
51,4.08,0.0036989654021581933,0.20494493269551675,0.7913561019023251,1.0
52,4.16,0.004700189120035599,0.21078540438313495,0.7845144064968295,1.0
53,4.24,0.005395483368561575,0.21409500500611858,0.7805095116253198,1.0
54,4.32,0.005006118589387028,0.2130381577483591,0.7819557236622539,1.0
55,4.4,0.003420847702747803,0.2071142507509178,0.7894649015463344,1.0
56,4.48,0.004199577261096896,0.19974413171654243,0.7960562910223606,1.0
57,4.5600000000000005,0.005534542218266771,0.1946545778173323,0.7998108799644009,1.0
58,4.64,0.00436644788074313,0.18708977639336968,0.8085437757258872,1.0
59,4.72,0.002975859383691178,0.18795194126154188,0.8090721993547669,1.0
60,4.8,0.0028089887640449437,0.19034375347647126,0.8068472577594838,1.0
61,4.88,0.0031149182333963733,0.1978529313605518,0.7990321504060518,1.0
62,4.96,0.0036989654021581933,0.20308154410946713,0.7932194904883747,1.0
63,5.04,0.0038380242518633884,0.20586272110357104,0.7902992546445656,1.0
64,5.12,0.003977083101568584,0.20772610968962066,0.7882968072088108,1.0
65,5.2,0.0035320947825119593,0.20697519190121258,0.7894927133162755,1.0
66,5.28,0.0029202358438091,0.20005006118589386,0.7970297029702971,1.0
67,5.36,0.0030314829235732563,0.19924351985760375,0.797724997218823,1.0
68,5.44,0.0038936477917454666,0.20380465012793414,0.7923017020803204,1.0
69,5.5200000000000005,0.00436644788074313,0.20547335632439648,0.7901601957948604,1.0
70,5.6000000000000005,0.0038380242518633884,0.21053509845366558,0.785626877294471,1.0
71,5.68,0.004588942040271443,0.21339971075759262,0.7820113472021359,1.0
72,5.76,0.00525642451885638,0.21562465235287573,0.7791189231282679,1.0
73,5.84,0.0041439537212148185,0.2130381577483591,0.7828178885304261,1.0
74,5.92,0.0038380242518633884,0.21228723995995105,0.7838747357881856,1.0
75,6.0,0.004255200800978974,0.202998108799644,0.7927466903993771,1.0
76,6.08,0.0037824007119813103,0.19448770719768607,0.8017298920903326,1.0
77,6.16,0.003142730003337412,0.1877572588719546,0.809100011124708,1.0
78,6.24,0.0026421181443987097,0.18714539993325174,0.8102124819223495,1.0
79,6.32,0.00350428301257092,0.19217933029257983,0.8043163866948493,1.0
80,6.4,0.00408833018133274,0.19946601401713204,0.7964456558015353,1.0
81,6.48,0.004616753810212482,0.2049171209255757,0.7904661252642118,1.0
82,6.5600000000000005,0.005033930359328068,0.20672488597174324,0.7882411836689287,1.0
83,6.640000000000001,0.005117365669151185,0.20541773278451442,0.7894649015463344,1.0
84,6.72,0.005534542218266771,0.20288686171987985,0.7915785960618533,1.0
85,6.8,0.005423295138502615,0.20238624986094114,0.7921904550005562,1.0
86,6.88,0.004255200800978974,0.20447213260651909,0.791272666592502,1.0
87,6.96,0.004505506730448325,0.2078929803092669,0.7876015129602848,1.0
88,7.04,0.004338636110802091,0.21134163978195572,0.7843197241072422,1.0
89,7.12,0.004644565580153521,0.21924018244521082,0.7761152519746357,1.0
90,7.2,0.005701412837913005,0.22766714873734564,0.7666314384247414,1.0
91,7.28,0.006146401156969629,0.23186672599844255,0.7619868728445879,1.0
92,7.36,0.005423295138502615,0.23089331405050617,0.7636833908109912,1.0
93,7.44,0.0038936477917454666,0.23100456113027032,0.7651017910779842,1.0
94,7.5200000000000005,0.0041439537212148185,0.22972521971298254,0.7661308265658027,1.0
95,7.6000000000000005,0.004283012570920014,0.22446879519412616,0.7712481922349538,1.0
96,7.68,0.0037824007119813103,0.2187951941261542,0.7774224051618644,1.0
97,7.76,0.004811436199799755,0.2153187228835243,0.7798698409166759,1.0
98,7.84,0.006062965847146513,0.2051952386249861,0.7887417955278674,1.0
99,7.92,0.006368895316497942,0.19710201357214374,0.7965290911113583,1.0
100,8.0,0.005645789298030926,0.1950161308265658,0.7993380798754033,1.0
101,8.08,0.006146401156969629,0.19379241294916008,0.8000611858938703,1.0
102,8.16,0.006313271776615864,0.1957392368450328,0.7979474913783513,1.0
103,8.24,0.006035154077205473,0.19726888419178998,0.7966959617310045,1.0
104,8.32,0.004978306819445989,0.2019968850817666,0.7930248080987874,1.0
105,8.4,0.004338636110802091,0.19979975525642452,0.7958616086327734,1.0
106,8.48,0.004032706641450662,0.2030537323395261,0.7929135610190232,1.0
107,8.56,0.004922683279563912,0.20333185003893647,0.7917454666814996,1.0
108,8.64,0.0052842362887974195,0.20269217933029257,0.79202358438091,1.0
109,8.72,0.0040048948715096224,0.20110690844365336,0.794888196684837,1.0
110,8.8,0.003587718322394037,0.19882634330848814,0.7975859383691178,1.0
111,8.88,0.0041439537212148185,0.2006341083546557,0.7952219379241295,1.0
112,8.96,0.004894871509622872,0.205139615085104,0.7899655134052731,1.0
113,9.040000000000001,0.004922683279563912,0.20945043942596506,0.785626877294471,1.0
114,9.120000000000001,0.0049504950495049506,0.2143174991656469,0.7807320057848481,1.0
115,9.200000000000001,0.006535765936144176,0.2175158527088664,0.7759483813549894,1.0
116,9.28,0.008037601512960285,0.21637557014128378,0.7755868283457559,1.0
117,9.36,0.008566025141840027,0.21626432306151963,0.7751696517966403,1.0
118,9.44,0.007648236733785738,0.21362220491712092,0.7787295583490933,1.0
119,9.52,0.006813883635554567,0.2128156635888308,0.7803704527756147,1.0
120,9.6,0.00873289576148626,0.21014573367449105,0.7811213705640226,1.0
121,9.68,0.011069084436533542,0.2088942040271443,0.7800367115363221,1.0
122,9.76,0.01081877850706419,0.20697519190121258,0.7822060295917233,1.0
123,9.84,0.010624096117476917,0.20666926243186115,0.7827066414506619,1.0
124,9.92,0.008927578151073534,0.20716987429079986,0.7839025475581266,1.0
125,10.0,0.006869507175436645,0.20288686171987985,0.7902436311046835,1.0
126,10.08,0.004728000889976638,0.20658582712203805,0.7886861719879853,1.0
127,10.16,0.004422071420625209,0.2116753810212482,0.7839025475581266,1.0
128,10.24,0.004227389031037935,0.2165980643008121,0.77917454666815,1.0
129,10.32,0.004032706641450662,0.22010234731338302,0.7758649460451663,1.0
130,10.4,0.0036155300923350763,0.22343975970630772,0.7729447102013572,1.0
131,10.48,0.003420847702747803,0.2254143953721215,0.7711647569251308,1.0
132,10.56,0.004867059739681833,0.22224385359884302,0.7728890866614752,1.0
133,10.64,0.005812659917677161,0.21790521748804093,0.7762821225942819,1.0
134,10.72,0.006174212926910669,0.21618088775169653,0.7776448993213928,1.0
135,10.8,0.006674824785849371,0.215096228723996,0.7782289464901546,1.0
136,10.88,0.006313271776615864,0.21734898208922016,0.776337746134164,1.0
137,10.96,0.006368895316497942,0.22363444209589498,0.7699966625876071,1.0
138,11.040000000000001,0.006285460006674824,0.2258593836911781,0.7678551563021471,1.0
139,11.120000000000001,0.0057848481477361215,0.22110357103126044,0.7731115808210034,1.0
140,11.200000000000001,0.005757036377795083,0.2183780175770386,0.7758649460451663,1.0
141,11.28,0.0064245188563800204,0.21476248748470353,0.7788129936589164,1.0
142,11.36,0.006813883635554567,0.21328846367782844,0.7798976526866169,1.0
143,11.44,0.00700856602514184,0.2113972633218378,0.7815941706530204,1.0
144,11.52,0.0077316720436088554,0.2092557570363778,0.7830125709200133,1.0
145,11.6,0.008649460451663144,0.20992323951496272,0.7814273000333741,1.0
146,11.68,0.007926354433196128,0.21328846367782844,0.7787851818889754,1.0
147,11.76,0.006786071865613527,0.2173211703192791,0.7758927578151074,1.0
148,11.84,0.006702636555790411,0.21812771164756925,0.7751696517966403,1.0
149,11.92,0.006368895316497942,0.21693180554010458,0.7766992991433975,1.0
150,12.0,0.005701412837913005,0.21403938146623652,0.7802592056958505,1.0
151,12.08,0.006507954166203137,0.21278785181888976,0.7807041940149071,1.0
152,12.16,0.007536989654021582,0.20914450995661363,0.7833185003893648,1.0
153,12.24,0.007092001334964957,0.20903326287684948,0.7838747357881856,1.0
154,12.32,0.008649460451663144,0.2037768383579931,0.7875737011903438,1.0
155,12.4,0.010401601957948604,0.19668483702302814,0.7929135610190232,1.0
156,12.48,0.010568472577594839,0.19206808321281565,0.7973634442095895,1.0
157,12.56,0.008871954611191456,0.19070530648570475,0.8004227389031038,1.0
158,12.64,0.008093225052842363,0.18842474135053955,0.8034820335966181,1.0
159,12.72,0.0075648014239626206,0.19306930693069307,0.7993658916453443,1.0
160,12.8,0.006285460006674824,0.20358215596840584,0.7901323840249194,1.0
161,12.88,0.006341083546556903,0.2092557570363778,0.7844031594170653,1.0
162,12.96,0.005645789298030926,0.21106352208254534,0.7832906886194237,1.0
163,13.040000000000001,0.004894871509622872,0.20797641561909,0.7871287128712872,1.0
164,13.120000000000001,0.005534542218266771,0.20146846145288685,0.7929969963288463,1.0
165,13.200000000000001,0.004728000889976638,0.200856602514184,0.7944153965958394,1.0
166,13.280000000000001,0.0031149182333963733,0.20333185003893647,0.7935532317276671,1.0
167,13.36,0.003365224162865725,0.20780954499944376,0.7888252308376905,1.0
168,13.44,0.004922683279563912,0.2059739681833352,0.7891033485371008,1.0
169,13.52,0.005478918678384692,0.2059183446434531,0.7886027366781622,1.0
170,13.6,0.00525642451885638,0.2071142507509178,0.7876293247302258,1.0
171,13.68,0.004839247969740794,0.20533429747469129,0.7898264545555679,1.0
172,13.76,0.0054511069084436535,0.20386027366781623,0.7906886194237401,1.0
173,13.84,0.005896095227500278,0.20169095561241518,0.7924129491600845,1.0
174,13.92,0.005979530537323395,0.20080097897430194,0.7932194904883747,1.0
175,14.0,0.007536989654021582,0.20352653242852375,0.7889364779174547,1.0
176,14.08,0.012070308154410946,0.20119034375347647,0.7867393480921125,1.0
177,14.16,0.015963955946156412,0.202275002781177,0.7817610412726665,1.0
178,14.24,0.019941039047724998,0.20269217933029257,0.7773667816219825,1.0
179,14.32,0.021136945155189678,0.205111803315163,0.7737512515296473,1.0
180,14.4,0.0233618867504728,0.20002224941595284,0.7766158638335744,1.0
181,14.48,0.024947157637112027,0.1945155189676271,0.7805373233952608,1.0
182,14.56,0.026170875514517744,0.18514295249749693,0.7886861719879853,1.0
183,14.64,0.028534875959506063,0.1802758927578151,0.7911892312826788,1.0
184,14.72,0.03209478251195906,0.18099899877628212,0.7869062187117588,1.0
185,14.8,0.03565468906441206,0.18252864612303926,0.7818166648125486,1.0
186,14.88,0.03826899543886973,0.18814662365112916,0.7735843809100011,1.0
187,14.96,0.03865836021804428,0.19687951941261542,0.7644621203693404,1.0
188,15.040000000000001,0.03829680720881077,0.20794860384914896,0.7537545889420403,1.0
189,15.120000000000001,0.03829680720881077,0.21434531093558795,0.7473578818556013,1.0
190,15.200000000000001,0.03979864278562688,0.21640338191122482,0.7437979753031483,1.0
191,15.280000000000001,0.043108243408610525,0.21501279341417287,0.7418789631772166,1.0
192,15.36,0.04477694960507287,0.21501279341417287,0.7402102569807543,1.0
193,15.44,0.04563911447324508,0.21370564022694405,0.7406552452998109,1.0
194,15.52,0.04583379686283235,0.21045166314384248,0.7437145399933252,1.0
195,15.6,0.04575036155300923,0.20536210924463233,0.7488875292023585,1.0
196,15.68,0.04666814996106352,0.19749137835131828,0.7558404716876183,1.0
197,15.76,0.046918455890532874,0.1936533540994549,0.7594281900100123,1.0
198,15.84,0.04814217376793859,0.19242963622204917,0.7594281900100123,1.0
199,15.92,0.0483646679274669,0.19293024808098788,0.7587050839915452,1.0
200,16.0,0.048114361997997554,0.19251307153187228,0.7593725664701302,1.0
201,16.080000000000002,0.04816998553787963,0.1907331182556458,0.7610968962064746,1.0
202,16.16,0.047752808988764044,0.19384803648904217,0.7583991545221938,1.0
203,16.240000000000002,0.045194126154188455,0.19668483702302814,0.7581210368227834,1.0
204,16.32,0.0436644788074313,0.1942374012682167,0.762098119924352,1.0
205,16.4,0.04269106685949494,0.18725664701301592,0.7700522861274891,1.0
206,16.48,0.04085549004338636,0.1833351874513294,0.7758093225052842,1.0
207,16.56,0.03785181888975414,0.18645010568472578,0.77569807542552,1.0
208,16.64,0.035487818444765826,0.1900934475470019,0.7744187340082322,1.0
209,16.72,0.03151073534319724,0.19687951941261542,0.7716097452441874,1.0
210,16.8,0.029647346757147624,0.20082879074424295,0.7695238624986094,1.0
211,16.88,0.02708866392257203,0.20561241517410167,0.7672989209033263,1.0
212,16.96,0.02541995772610969,0.2124541105795973,0.762125931694293,1.0
213,17.04,0.024418734008232284,0.2227166536878407,0.752864612303927,1.0
214,17.12,0.022694404271887864,0.23239514962732227,0.7449104461007898,1.0
215,17.2,0.019662921348314606,0.23428634998331294,0.7460507286683724,1.0
216,17.28,0.016436756035154078,0.22683279563911446,0.7567304483257314,1.0
217,17.36,0.013321837801757703,0.2116197574813661,0.7750584047168761,1.0
218,17.44,0.009567248859717433,0.19988319056624765,0.7905495605740349,1.0
219,17.52,0.007509177884080543,0.19504394259650684,0.7974468795194126,1.0
220,17.6,0.007175436644788074,0.19165090666370008,0.8011736566915119,1.0
221,17.68,0.007425742574257425,0.1955723662253866,0.797001891200356,1.0
222,17.76,0.007926354433196128,0.19946601401713204,0.7926076315496718,1.0
223,17.84,0.008677272221604183,0.20157970853265103,0.7897430192457447,1.0
224,17.92,0.009038825230837691,0.20352653242852375,0.7874346423406385,1.0
225,18.0,0.009316942930248082,0.19988319056624765,0.7907998665035043,1.0
226,18.080000000000002,0.009428190010012237,0.1984926020691957,0.7920792079207921,1.0
227,18.16,0.010624096117476917,0.19952163755701413,0.7898542663255089,1.0
228,18.240000000000002,0.01048503726777172,0.20130159083324062,0.7882133718989877,1.0
229,18.32,0.009205695850483924,0.20369340304817,0.7871009011013461,1.0
230,18.400000000000002,0.007703860273667817,0.20541773278451442,0.7868784069418178,1.0
231,18.48,0.006619201245967293,0.20171876738235622,0.7916620313716765,1.0
232,18.56,0.006285460006674824,0.2028590499499388,0.7908554900433864,1.0
233,18.64,0.006313271776615864,0.2071976860607409,0.7864890421626433,1.0
234,18.72,0.006062965847146513,0.21042385137390143,0.7835131827789521,1.0
235,18.8,0.0054511069084436535,0.20794860384914896,0.7866002892424074,1.0
236,18.88,0.00611858938702859,0.20533429747469129,0.7885471131382801,1.0
237,18.96,0.006480142396262098,0.2056958504839248,0.7878240071198132,1.0
238,19.04,0.006786071865613527,0.20700300367115362,0.7862109244632328,1.0
239,19.12,0.00673044832573145,0.21009011013460896,0.7831794415396596,1.0
240,19.2,0.010318166648125487,0.21178662810101234,0.7778952052508622,1.0
241,19.28,0.013015908332406274,0.21776615863833573,0.769217933029258,1.0
242,19.36,0.0134608966514629,0.21067415730337077,0.7758649460451663,1.0
243,19.44,0.014156190899988876,0.2074758037601513,0.7783680053398598,1.0
244,19.52,0.01518522638780732,0.206558015352097,0.7782567582600957,1.0
245,19.6,0.015157414617866282,0.20174657915229724,0.7830960062298364,1.0
246,19.68,0.015602402936922905,0.1906774947157637,0.7937201023473134,1.0
247,19.76,0.016965179664033818,0.1833908109912115,0.7996440093447547,1.0
248,19.84,0.01841139170096785,0.1803593280676382,0.801229280231394,1.0
249,19.92,0.02194348648347981,0.1819724107242185,0.7960841027923017,1.0
250,20.0,0.023862498609411503,0.18583824674602292,0.7902992546445656,1.0
251,20.080000000000002,0.025503393035932808,0.1891756591389476,0.7853209478251196,1.0
252,20.16,0.025253087106463457,0.18814662365112916,0.7866002892424074,1.0
253,20.240000000000002,0.024641228167760595,0.1867560351540772,0.7886027366781622,1.0
254,20.32,0.02394593391923462,0.19087217710535098,0.7851818889754144,1.0
255,20.400000000000002,0.02369562798976527,0.20041161419512737,0.7758927578151074,1.0
256,20.48,0.023473133830236956,0.20853265101791077,0.7679942151518523,1.0
257,20.56,0.022527533652241628,0.21159194571142506,0.7658805206363333,1.0
258,20.64,0.02046946267660474,0.21278785181888976,0.7667426855045055,1.0
259,20.72,0.019941039047724998,0.21195349872065858,0.7681054622316165,1.0
260,20.8,0.020024474357548113,0.21273222827900767,0.7672432973634442,1.0
261,20.88,0.020386027366781623,0.20761486260985648,0.7719991100233619,1.0
262,20.96,0.019023250639670707,0.19813104905996218,0.7828457003003672,1.0
263,21.04,0.017132050283680055,0.19290243631104684,0.7899655134052731,1.0
264,21.12,0.014434308599399266,0.19217933029257983,0.793386361108021,1.0
265,21.2,0.012014684614528868,0.19023250639670708,0.797752808988764,1.0
266,21.28,0.00906663700077873,0.18964845922794527,0.801284903771276,1.0
267,21.36,0.007119813104905996,0.1853932584269663,0.8074869284681278,1.0
268,21.44,0.005590165758148849,0.1905940594059406,0.8038157748359106,1.0
269,21.52,0.004616753810212482,0.2007731672043609,0.7946100789854267,1.0
270,21.6,0.003587718322394037,0.20252530871064633,0.7938869729669596,1.0
271,21.68,0.004199577261096896,0.20082879074424295,0.7949716319946601,1.0
272,21.76,0.00436644788074313,0.19954944932695518,0.7960841027923017,1.0
273,21.84,0.004728000889976638,0.19462676604739126,0.8006452330626321,1.0
274,21.92,0.005367671598620536,0.1840582934697964,0.8105740349315831,1.0
275,22.0,0.006619201245967293,0.17713316275447769,0.816247635999555,1.0
276,22.080000000000002,0.007342307264434309,0.17596506841695406,0.8166926243186117,1.0
277,22.16,0.007370119034375348,0.1818333518745133,0.8107965290911113,1.0
278,22.240000000000002,0.008510401601957948,0.1877572588719546,0.8037323395260875,1.0
279,22.32,0.007703860273667817,0.19420958949827566,0.7980865502280565,1.0
280,22.400000000000002,0.007620424963844699,0.20366559127822895,0.7887139837579263,1.0
281,22.48,0.008093225052842363,0.21042385137390143,0.7814829235732562,1.0
282,22.56,0.007648236733785738,0.2233007008566025,0.7690510624096117,1.0
283,22.64,0.0069251307153187225,0.2301980198019802,0.7628768494827011,1.0
284,22.72,0.00731449549449327,0.22591500723106017,0.7667704972744466,1.0
285,22.8,0.0077316720436088554,0.2189342529758594,0.7733340749805317,1.0
286,22.88,0.007676048503726777,0.2173767938591612,0.774947157637112,1.0
287,22.96,0.00700856602514184,0.21907331182556458,0.7739181221492936,1.0
288,23.04,0.005812659917677161,0.22152074758037602,0.7726665925019468,1.0
289,23.12,0.004338636110802091,0.2227166536878407,0.7729447102013572,1.0
290,23.2,0.0038658360218044277,0.22444098342418511,0.7716931805540105,1.0
291,23.28,0.0049504950495049506,0.2175992880186895,0.7774502169318055,1.0
292,23.36,0.005172989209033263,0.21106352208254534,0.7837634887084214,1.0
293,23.44,0.005145177439092223,0.2070586272110357,0.7877961953498721,1.0
294,23.52,0.0043108243408610525,0.20697519190121258,0.7887139837579263,1.0
295,23.6,0.005367671598620536,0.20922794526643676,0.7854043831349428,1.0
296,23.68,0.005172989209033263,0.20508399154522194,0.7897430192457447,1.0
297,23.76,0.005423295138502615,0.19718544888196685,0.7973912559795305,1.0
298,23.84,0.004811436199799755,0.19459895427745022,0.80058960952275,1.0
299,23.92,0.003949271331627545,0.19690733118255646,0.799143397485816,1.0
300,24.0,0.0049504950495049506,0.19326398932028035,0.8017855156302147,1.0
301,24.080000000000002,0.0033930359328067637,0.1956558015352097,0.8009511625319835,1.0
302,24.16,0.002948047613750139,0.20397152074758038,0.7930804316386695,1.0
303,24.240000000000002,0.0031983535432194904,0.20833796862832352,0.788463677828457,1.0
304,24.32,0.0037824007119813103,0.21284347535877182,0.7833741239292469,1.0
305,24.400000000000002,0.003365224162865725,0.21031260429413728,0.786322171542997,1.0
306,24.48,0.002948047613750139,0.2078929803092669,0.7891589720769829,1.0
307,24.560000000000002,0.003476471242629881,0.20205250862164867,0.7944710201357215,1.0
308,24.64,0.0038658360218044277,0.19699076649237957,0.799143397485816,1.0
309,24.72,0.0035320947825119593,0.18756257648236735,0.8089053287351207,1.0
310,24.8,0.004700189120035599,0.18636667037490265,0.8089331405050617,1.0
311,24.88,0.00436644788074313,0.19042718878629436,0.8052063633329625,1.0
312,24.96,0.00525642451885638,0.19865947268884193,0.7960841027923017,1.0
313,25.04,0.00525642451885638,0.20772610968962066,0.787017465791523,1.0
314,25.12,0.005951718767382356,0.21187006341083547,0.7821782178217822,1.0
315,25.2,0.00556235398820781,0.21142507509177885,0.7830125709200133,1.0
316,25.28,0.006341083546556903,0.19979975525642452,0.7938591611970186,1.0
317,25.36,0.0072310601846701525,0.18628323506507954,0.8064857047502503,1.0
318,25.44,0.006062965847146513,0.17994215151852264,0.8139948826343308,1.0
319,25.52,0.004533318500389365,0.18097118700634107,0.8144954944932695,1.0
320,25.6,0.003420847702747803,0.18108243408610525,0.815496718211147,1.0
321,25.68,0.0030314829235732563,0.1853376348870842,0.8116308821893425,1.0
322,25.76,0.002781176994103905,0.18736789409278007,0.809850928913116,1.0
323,25.84,0.0029202358438091,0.1825564578929803,0.8145233062632106,1.0
324,25.92,0.002503059294693514,0.17802313939259096,0.8194738013127155,1.0
325,26.0,0.002503059294693514,0.17788408054288574,0.8196128601624207,1.0
326,26.080000000000002,0.002864612303927022,0.18002558682834577,0.8171098008677272,1.0
327,26.16,0.0037545889420402714,0.18291801090221382,0.8133274001557459,1.0
328,26.240000000000002,0.003281788853042608,0.18514295249749693,0.8115752586494605,1.0
329,26.32,0.002836800533985983,0.1903159417065302,0.8068472577594838,1.0
330,26.400000000000002,0.003448659472688842,0.19504394259650684,0.8015073979308043,1.0
331,26.48,0.003448659472688842,0.1940149071086884,0.8025364334186228,1.0
332,26.560000000000002,0.003977083101568584,0.18820224719101122,0.8078206697074202,1.0
333,26.64,0.004755812659917677,0.18633885860496163,0.8089053287351207,1.0
334,26.72,0.004588942040271443,0.1928190010012237,0.8025920569585049,1.0
335,26.8,0.005117365669151185,0.1990766492379575,0.7958059850928914,1.0
336,26.88,0.005312048058738458,0.20347090888864167,0.7912170430526199,1.0
337,26.96,0.006647013015908332,0.20769829791967961,0.785654689064412,1.0
338,27.04,0.008343530982311715,0.20753142730003338,0.784125041717655,1.0
339,27.12,0.009122260540660808,0.2101735454444321,0.7807041940149071,1.0
340,27.2,0.009150072310601847,0.21109133385248638,0.7797585938369118,1.0
341,27.28,0.008260095672488596,0.21200912226054067,0.7797307820669708,1.0
342,27.36,0.007815107353431973,0.21200912226054067,0.7801757703860274,1.0
343,27.44,0.007815107353431973,0.213677828457003,0.7785070641895651,1.0
344,27.52,0.006786071865613527,0.217237735009456,0.7759761931249305,1.0
345,27.6,0.006897318945377684,0.21192568695071753,0.7811769941039047,1.0
346,27.68,0.00700856602514184,0.2050005562353988,0.7879908777394593,1.0
347,27.76,0.0054511069084436535,0.2050561797752809,0.7894927133162755,1.0
348,27.84,0.005312048058738458,0.20931138057625986,0.7853765713650017,1.0
349,27.92,0.004894871509622872,0.2074758037601513,0.7876293247302258,1.0
350,28.0,0.004449883190566248,0.20714206252085882,0.788408054288575,1.0
351,28.080000000000002,0.004561130270330404,0.20196907331182556,0.793469796417844,1.0
352,28.16,0.005006118589387028,0.19960507286683724,0.7953888085437757,1.0
353,28.240000000000002,0.005033930359328068,0.20244187340082323,0.7925241962398487,1.0
354,28.32,0.004839247969740794,0.20767048614973857,0.7874902658805206,1.0
355,28.400000000000002,0.00525642451885638,0.21220380465012795,0.7825397708310157,1.0
356,28.48,0.0041439537212148185,0.21529091111358326,0.7805651351652019,1.0
357,28.560000000000002,0.004811436199799755,0.21812771164756925,0.777060852152631,1.0
358,28.64,0.006062965847146513,0.21921237067526977,0.7747246634775837,1.0
359,28.72,0.008649460451663144,0.216514628990989,0.7748359105573479,1.0
360,28.8,0.008705083991545222,0.2196017354544443,0.7716931805540105,1.0
361,28.88,0.008705083991545222,0.2216598064300812,0.7696351095783736,1.0
362,28.96,0.0077316720436088554,0.21734898208922016,0.774919345867171,1.0
363,29.04,0.0072310601846701525,0.2195739236845033,0.7731950161308265,1.0
364,29.12,0.0059239069974413175,0.2217154299699633,0.7723606630325954,1.0
365,29.2,0.005172989209033263,0.22377350094560017,0.7710535098453666,1.0
366,29.28,0.004227389031037935,0.22811213705640226,0.7676604739125598,1.0
367,29.36,0.004978306819445989,0.22797307820669707,0.7670486149738569,1.0
368,29.44,0.004922683279563912,0.2242184892646568,0.7708588274557793,1.0
369,29.52,0.005367671598620536,0.2187395705862721,0.7758927578151074,1.0
370,29.6,0.006285460006674824,0.21670931138057625,0.7770052286127489,1.0
371,29.68,0.007119813104905996,0.21028479252419624,0.7825953943708978,1.0
372,29.76,0.008121036822783402,0.21117476916230948,0.7807041940149071,1.0
373,29.84,0.008426966292134831,0.21164756925130715,0.779925464456558,1.0
374,29.92,0.0070641895650239185,0.20867170986761596,0.7842641005673601,1.0
375,30.0,0.006674824785849371,0.20739236845032819,0.7859328067638225,1.0
376,30.080000000000002,0.0077316720436088554,0.2078373567693848,0.7844309711870063,1.0
377,30.16,0.008148848592724441,0.21178662810101234,0.7800645233062632,1.0
378,30.240000000000002,0.009177884080542886,0.21442874624541106,0.776393369674046,1.0
379,30.32,0.008955389921014573,0.21707086438980977,0.7739737456891757,1.0
380,30.400000000000002,0.010624096117476917,0.2178774057180999,0.7714984981644232,1.0
381,30.48,0.013989320280342641,0.21554121704305262,0.7704694626766048,1.0
382,30.560000000000002,0.01779953276226499,0.21362220491712092,0.7685782623206141,1.0
383,30.64,0.021720992323951496,0.20819890977861832,0.7700800978974301,1.0
384,30.72,0.02486372232728891,0.20572366225386585,0.7694126154188452,1.0
385,30.8,0.027199911002336187,0.2123150517298921,0.7604850372677717,1.0
386,30.88,0.02770052286127489,0.21748804093892535,0.7548114361997997,1.0
387,30.96,0.029118923128267884,0.21542996996328848,0.7554511069084436,1.0
388,31.04,0.031399488263433084,0.2178774057180999,0.750723106018467,1.0
389,31.12,0.03306819445989543,0.2178774057180999,0.7490543998220047,1.0
390,31.2,0.03523751251529647,0.21476248748470353,0.75,1.0
391,31.28,0.03629435977305596,0.2123984870397152,0.7513071531872288,1.0
392,31.36,0.03760151296028479,0.20486149738569362,0.7575369896540216,1.0
393,31.44,0.03754588942040271,0.2005784848147736,0.7618756257648237,1.0
394,31.52,0.037657136500166874,0.19974413171654243,0.7625987317832907,1.0
395,31.6,0.03715652464122817,0.19860384914895984,0.764239626209812,1.0
396,31.68,0.03529313605517855,0.1970185782623206,0.7676882856825008,1.0
397,31.76,0.0361831126932918,0.19732450773167204,0.7664923795750361,1.0
398,31.84,0.03476471242629881,0.20210813216153076,0.7631271554121705,1.0
399,31.92,0.031927911892312824,0.20369340304817,0.7643786850595172,1.0
400,32.0,0.03170541773278451,0.2014962732228279,0.7667983090443876,1.0
401,32.08,0.031677605962843476,0.20611302703304038,0.7622093670041161,1.0
402,32.160000000000004,0.03095449994437646,0.2128990988986539,0.7561464011569696,1.0
403,32.24,0.029730782066970742,0.21626432306151963,0.7540048948715096,1.0
404,32.32,0.02900767604850373,0.21679274669039938,0.7541995772610969,1.0
405,32.4,0.02945266436756035,0.21542996996328848,0.7551173656691512,1.0
406,32.480000000000004,0.031455111803315165,0.2167371231505173,0.7518077650461675,1.0
407,32.56,0.031677605962843476,0.22140950050061187,0.7469128935365447,1.0
408,32.64,0.0303426410056736,0.22207698297919679,0.7475803760151296,1.0
409,32.72,0.028646123039270218,0.22758371342752254,0.7437701635332072,1.0
410,32.8,0.028228946490154633,0.23601067971965736,0.735760373790188,1.0
411,32.88,0.02772833463121593,0.2383746801646457,0.7338969852041384,1.0
412,32.96,0.026393369674046055,0.2398765157414618,0.7337301145844921,1.0
413,33.04,0.024919345867170987,0.24249082211591946,0.7325898320169095,1.0
414,33.12,0.023751251529647348,0.24335298698409166,0.732895761486261,1.0
415,33.2,0.021442874624541107,0.24385359884303037,0.7347035265324285,1.0
416,33.28,0.022833463121593057,0.23242296139726332,0.7447435754811437,1.0
417,33.36,0.0233618867504728,0.22524752475247525,0.751390588497052,1.0
418,33.44,0.023222827900767604,0.22152074758037602,0.7552564245188563,1.0
419,33.52,0.02447435754811436,0.21773834686839472,0.7577872955834909,1.0
420,33.6,0.022332851262654354,0.2197964178440316,0.757870730893314,1.0
421,33.68,0.021776615863833573,0.2153743464234064,0.76284903771276,1.0
422,33.76,0.021109133385248637,0.21548559350317054,0.7634052731115808,1.0
423,33.84,0.02102569807542552,0.2117588163310713,0.7672154855935032,1.0
424,33.92,0.020274780287017465,0.20686394482144843,0.7728612748915341,1.0
425,34.0,0.020552897986427857,0.200133496495717,0.7793136055178551,1.0
426,34.08,0.017910779842029146,0.20636333296250972,0.7757258871954611,1.0
427,34.160000000000004,0.01921793302925798,0.21134163978195572,0.7694404271887862,1.0
428,34.24,0.0186616976304372,0.21720992323951496,0.7641283791300478,1.0
429,34.32,0.01785515630214707,0.21676493492045834,0.7653799087773946,1.0
430,34.4,0.01724329736344421,0.2145121815552342,0.7682445210813216,1.0
431,34.480000000000004,0.0146011792190455,0.21693180554010458,0.7684670152408499,1.0
432,34.56,0.01343308488152186,0.21704305261986873,0.7695238624986094,1.0
433,34.64,0.012042496384469907,0.22724997218823006,0.7607075314273001,1.0
434,34.72,0.013878073200578486,0.23172766714873735,0.7543942596506842,1.0
