slice_id,z_um,z_mm,relative_depth_percent,slice_zone
0,0.0,0.0,0.0,bottom_0_25
1,80.0,0.08,0.2304147465437788,bottom_0_25
2,160.0,0.16,0.4608294930875576,bottom_0_25
3,240.0,0.24,0.6912442396313364,bottom_0_25
4,320.0,0.32,0.9216589861751152,bottom_0_25
5,400.0,0.4,1.1520737327188941,bottom_0_25
6,480.0,0.48,1.3824884792626728,bottom_0_25
7,560.0,0.56,1.6129032258064515,bottom_0_25
8,640.0,0.64,1.8433179723502304,bottom_0_25
9,720.0,0.72,2.0737327188940093,bottom_0_25
10,800.0,0.8,2.3041474654377883,bottom_0_25
11,880.0,0.88,2.5345622119815667,bottom_0_25
12,960.0,0.96,2.7649769585253456,bottom_0_25
13,1040.0,1.04,2.995391705069124,bottom_0_25
14,1120.0,1.12,3.225806451612903,bottom_0_25
15,1200.0,1.2,3.4562211981566824,bottom_0_25
16,1280.0,1.28,3.686635944700461,bottom_0_25
17,1360.0,1.36,3.9170506912442393,bottom_0_25
18,1440.0,1.44,4.147465437788019,bottom_0_25
19,1520.0,1.52,4.377880184331797,bottom_0_25
20,1600.0,1.6,4.6082949308755765,bottom_0_25
21,1680.0,1.68,4.838709677419355,bottom_0_25
22,1760.0,1.76,5.0691244239631335,bottom_0_25
23,1840.0,1.84,5.299539170506913,bottom_0_25
24,1920.0,1.92,5.529953917050691,bottom_0_25
25,2000.0,2.0,5.76036866359447,bottom_0_25
26,2080.0,2.08,5.990783410138248,bottom_0_25
27,2160.0,2.16,6.221198156682028,bottom_0_25
28,2240.0,2.24,6.451612903225806,bottom_0_25
29,2320.0,2.32,6.682027649769585,bottom_0_25
30,2400.0,2.4,6.912442396313365,bottom_0_25
31,2480.0,2.48,7.142857142857142,bottom_0_25
32,2560.0,2.56,7.373271889400922,bottom_0_25
33,2640.0,2.64,7.603686635944701,bottom_0_25
34,2720.0,2.72,7.834101382488479,bottom_0_25
35,2800.0,2.8,8.064516129032258,bottom_0_25
36,2880.0,2.88,8.294930875576037,bottom_0_25
37,2960.0,2.96,8.525345622119817,bottom_0_25
38,3040.0,3.04,8.755760368663594,bottom_0_25
39,3120.0,3.12,8.986175115207374,bottom_0_25
40,3200.0,3.2,9.216589861751153,bottom_0_25
41,3280.0,3.28,9.44700460829493,bottom_0_25
42,3360.0,3.36,9.67741935483871,bottom_0_25
43,3440.0,3.44,9.90783410138249,bottom_0_25
44,3520.0,3.52,10.138248847926267,bottom_0_25
45,3600.0,3.6,10.368663594470046,bottom_0_25
46,3680.0,3.68,10.599078341013826,bottom_0_25
47,3760.0,3.76,10.829493087557603,bottom_0_25
48,3840.0,3.84,11.059907834101383,bottom_0_25
49,3920.0,3.92,11.29032258064516,bottom_0_25
50,4000.0,4.0,11.52073732718894,bottom_0_25
51,4080.0,4.08,11.751152073732719,bottom_0_25
52,4160.0,4.16,11.981566820276496,bottom_0_25
53,4240.0,4.24,12.211981566820276,bottom_0_25
54,4320.0,4.32,12.442396313364055,bottom_0_25
55,4400.0,4.4,12.672811059907835,bottom_0_25
56,4480.0,4.48,12.903225806451612,bottom_0_25
57,4560.0,4.56,13.13364055299539,bottom_0_25
58,4640.0,4.64,13.36405529953917,bottom_0_25
59,4720.0,4.72,13.594470046082948,bottom_0_25
60,4800.0,4.8,13.82488479262673,bottom_0_25
61,4880.0,4.88,14.055299539170507,bottom_0_25
62,4960.0,4.96,14.285714285714285,bottom_0_25
63,5040.0,5.04,14.516129032258066,bottom_0_25
64,5120.0,5.12,14.746543778801843,bottom_0_25
65,5200.0,5.2,14.976958525345621,bottom_0_25
66,5280.0,5.28,15.207373271889402,bottom_0_25
67,5360.0,5.36,15.43778801843318,bottom_0_25
68,5440.0,5.44,15.668202764976957,bottom_0_25
69,5520.0,5.52,15.898617511520738,bottom_0_25
70,5600.0,5.6,16.129032258064516,bottom_0_25
71,5680.0,5.68,16.359447004608295,bottom_0_25
72,5760.0,5.76,16.589861751152075,bottom_0_25
73,5840.0,5.84,16.82027649769585,bottom_0_25
74,5920.0,5.92,17.050691244239633,bottom_0_25
75,6000.0,6.0,17.28110599078341,bottom_0_25
76,6080.0,6.08,17.51152073732719,bottom_0_25
77,6160.0,6.16,17.741935483870968,bottom_0_25
78,6240.0,6.24,17.972350230414747,bottom_0_25
79,6320.0,6.32,18.202764976958523,bottom_0_25
80,6400.0,6.4,18.433179723502306,bottom_0_25
81,6480.0,6.48,18.663594470046082,bottom_0_25
82,6560.0,6.56,18.89400921658986,bottom_0_25
83,6640.0,6.64,19.12442396313364,bottom_0_25
84,6720.0,6.72,19.35483870967742,bottom_0_25
85,6800.0,6.8,19.5852534562212,bottom_0_25
86,6880.0,6.88,19.81566820276498,bottom_0_25
87,6960.0,6.96,20.046082949308754,bottom_0_25
88,7040.0,7.04,20.276497695852534,bottom_0_25
89,7120.0,7.12,20.506912442396313,bottom_0_25
90,7200.0,7.2,20.737327188940093,bottom_0_25
91,7280.0,7.28,20.967741935483872,bottom_0_25
92,7360.0,7.36,21.19815668202765,bottom_0_25
93,7440.0,7.44,21.428571428571427,bottom_0_25
94,7520.0,7.52,21.658986175115206,bottom_0_25
95,7600.0,7.6,21.889400921658986,bottom_0_25
96,7680.0,7.68,22.119815668202765,bottom_0_25
97,7760.0,7.76,22.350230414746544,bottom_0_25
98,7840.0,7.84,22.58064516129032,bottom_0_25
99,7920.0,7.92,22.811059907834103,bottom_0_25
100,8000.0,8.0,23.04147465437788,bottom_0_25
101,8080.0,8.08,23.27188940092166,bottom_0_25
102,8160.0,8.16,23.502304147465438,bottom_0_25
103,8240.0,8.24,23.732718894009217,bottom_0_25
104,8320.0,8.32,23.963133640552993,bottom_0_25
105,8400.0,8.4,24.193548387096776,bottom_0_25
106,8480.0,8.48,24.42396313364055,bottom_0_25
107,8560.0,8.56,24.65437788018433,bottom_0_25
108,8640.0,8.64,24.88479262672811,bottom_0_25
109,8720.0,8.72,25.115207373271893,lower_middle_25_50
110,8800.0,8.8,25.34562211981567,lower_middle_25_50
111,8880.0,8.88,25.57603686635945,lower_middle_25_50
112,8960.0,8.96,25.806451612903224,lower_middle_25_50
113,9040.0,9.04,26.036866359447004,lower_middle_25_50
114,9120.0,9.12,26.26728110599078,lower_middle_25_50
115,9200.0,9.2,26.497695852534562,lower_middle_25_50
116,9280.0,9.28,26.72811059907834,lower_middle_25_50
117,9360.0,9.36,26.95852534562212,lower_middle_25_50
118,9440.0,9.44,27.188940092165897,lower_middle_25_50
119,9520.0,9.52,27.419354838709676,lower_middle_25_50
120,9600.0,9.6,27.64976958525346,lower_middle_25_50
121,9680.0,9.68,27.880184331797235,lower_middle_25_50
122,9760.0,9.76,28.110599078341014,lower_middle_25_50
123,9840.0,9.84,28.341013824884794,lower_middle_25_50
124,9920.0,9.92,28.57142857142857,lower_middle_25_50
125,10000.0,10.0,28.80184331797235,lower_middle_25_50
126,10080.0,10.08,29.03225806451613,lower_middle_25_50
127,10160.0,10.16,29.262672811059907,lower_middle_25_50
128,10240.0,10.24,29.493087557603687,lower_middle_25_50
129,10320.0,10.32,29.723502304147466,lower_middle_25_50
130,10400.0,10.4,29.953917050691242,lower_middle_25_50
131,10480.0,10.48,30.184331797235025,lower_middle_25_50
132,10560.0,10.56,30.414746543778804,lower_middle_25_50
133,10640.0,10.64,30.64516129032258,lower_middle_25_50
134,10720.0,10.72,30.87557603686636,lower_middle_25_50
135,10800.0,10.8,31.105990783410135,lower_middle_25_50
136,10880.0,10.88,31.336405529953915,lower_middle_25_50
137,10960.0,10.96,31.566820276497698,lower_middle_25_50
138,11040.0,11.04,31.797235023041477,lower_middle_25_50
139,11120.0,11.12,32.02764976958525,lower_middle_25_50
140,11200.0,11.2,32.25806451612903,lower_middle_25_50
141,11280.0,11.28,32.48847926267281,lower_middle_25_50
142,11360.0,11.36,32.71889400921659,lower_middle_25_50
143,11440.0,11.44,32.94930875576037,lower_middle_25_50
144,11520.0,11.52,33.17972350230415,lower_middle_25_50
145,11600.0,11.6,33.41013824884793,lower_middle_25_50
146,11680.0,11.68,33.6405529953917,lower_middle_25_50
147,11760.0,11.76,33.87096774193548,lower_middle_25_50
148,11840.0,11.84,34.10138248847927,lower_middle_25_50
149,11920.0,11.92,34.331797235023046,lower_middle_25_50
150,12000.0,12.0,34.56221198156682,lower_middle_25_50
151,12080.0,12.08,34.7926267281106,lower_middle_25_50
152,12160.0,12.16,35.02304147465438,lower_middle_25_50
153,12240.0,12.24,35.25345622119816,lower_middle_25_50
154,12320.0,12.32,35.483870967741936,lower_middle_25_50
155,12400.0,12.4,35.714285714285715,lower_middle_25_50
156,12480.0,12.48,35.944700460829495,lower_middle_25_50
157,12560.0,12.56,36.175115207373274,lower_middle_25_50
158,12640.0,12.64,36.405529953917046,lower_middle_25_50
159,12720.0,12.72,36.63594470046083,lower_middle_25_50
160,12800.0,12.8,36.86635944700461,lower_middle_25_50
161,12880.0,12.88,37.096774193548384,lower_middle_25_50
162,12960.0,12.96,37.327188940092164,lower_middle_25_50
163,13040.0,13.04,37.55760368663594,lower_middle_25_50
164,13120.0,13.12,37.78801843317972,lower_middle_25_50
165,13200.0,13.2,38.0184331797235,lower_middle_25_50
166,13280.0,13.28,38.24884792626728,lower_middle_25_50
167,13360.0,13.36,38.47926267281106,lower_middle_25_50
168,13440.0,13.44,38.70967741935484,lower_middle_25_50
169,13520.0,13.52,38.94009216589861,lower_middle_25_50
170,13600.0,13.6,39.1705069124424,lower_middle_25_50
171,13680.0,13.68,39.40092165898618,lower_middle_25_50
172,13760.0,13.76,39.63133640552996,lower_middle_25_50
173,13840.0,13.84,39.86175115207373,lower_middle_25_50
174,13920.0,13.92,40.09216589861751,lower_middle_25_50
175,14000.0,14.0,40.32258064516129,lower_middle_25_50
176,14080.0,14.08,40.55299539170507,lower_middle_25_50
177,14160.0,14.16,40.78341013824885,lower_middle_25_50
178,14240.0,14.24,41.013824884792626,lower_middle_25_50
179,14320.0,14.32,41.244239631336406,lower_middle_25_50
180,14400.0,14.4,41.474654377880185,lower_middle_25_50
181,14480.0,14.48,41.705069124423964,lower_middle_25_50
182,14560.0,14.56,41.935483870967744,lower_middle_25_50
183,14640.0,14.64,42.16589861751152,lower_middle_25_50
184,14720.0,14.72,42.3963133640553,lower_middle_25_50
185,14800.0,14.8,42.626728110599075,lower_middle_25_50
186,14880.0,14.88,42.857142857142854,lower_middle_25_50
187,14960.0,14.96,43.08755760368664,lower_middle_25_50
188,15040.0,15.04,43.31797235023041,lower_middle_25_50
189,15120.0,15.12,43.54838709677419,lower_middle_25_50
190,15200.0,15.2,43.77880184331797,lower_middle_25_50
191,15280.0,15.28,44.00921658986175,lower_middle_25_50
192,15360.0,15.36,44.23963133640553,lower_middle_25_50
193,15440.0,15.44,44.47004608294931,lower_middle_25_50
194,15520.0,15.52,44.70046082949309,lower_middle_25_50
195,15600.0,15.6,44.93087557603687,lower_middle_25_50
196,15680.0,15.68,45.16129032258064,lower_middle_25_50
197,15760.0,15.76,45.39170506912442,lower_middle_25_50
198,15840.0,15.84,45.622119815668206,lower_middle_25_50
199,15920.0,15.92,45.852534562211986,lower_middle_25_50
200,16000.0,16.0,46.08294930875576,lower_middle_25_50
201,16080.0,16.08,46.31336405529954,lower_middle_25_50
202,16160.0,16.16,46.54377880184332,lower_middle_25_50
203,16240.0,16.24,46.774193548387096,lower_middle_25_50
204,16320.0,16.32,47.004608294930875,lower_middle_25_50
205,16400.0,16.4,47.235023041474655,lower_middle_25_50
206,16480.0,16.48,47.465437788018434,lower_middle_25_50
207,16560.0,16.56,47.69585253456221,lower_middle_25_50
208,16640.0,16.64,47.926267281105986,lower_middle_25_50
209,16720.0,16.72,48.15668202764977,lower_middle_25_50
210,16800.0,16.8,48.38709677419355,lower_middle_25_50
211,16880.0,16.88,48.61751152073733,lower_middle_25_50
212,16960.0,16.96,48.8479262672811,lower_middle_25_50
213,17040.0,17.04,49.07834101382488,lower_middle_25_50
214,17120.0,17.12,49.30875576036866,lower_middle_25_50
215,17200.0,17.2,49.53917050691244,lower_middle_25_50
216,17280.0,17.28,49.76958525345622,lower_middle_25_50
217,17360.0,17.36,50.0,lower_middle_25_50
218,17440.0,17.44,50.23041474654379,upper_middle_50_75
219,17520.0,17.52,50.46082949308756,upper_middle_50_75
220,17600.0,17.6,50.69124423963134,upper_middle_50_75
221,17680.0,17.68,50.92165898617511,upper_middle_50_75
222,17760.0,17.76,51.1520737327189,upper_middle_50_75
223,17840.0,17.84,51.382488479262676,upper_middle_50_75
224,17920.0,17.92,51.61290322580645,upper_middle_50_75
225,18000.0,18.0,51.843317972350235,upper_middle_50_75
226,18080.0,18.08,52.07373271889401,upper_middle_50_75
227,18160.0,18.16,52.30414746543779,upper_middle_50_75
228,18240.0,18.24,52.53456221198156,upper_middle_50_75
229,18320.0,18.32,52.764976958525345,upper_middle_50_75
230,18400.0,18.4,52.995391705069125,upper_middle_50_75
231,18480.0,18.48,53.2258064516129,upper_middle_50_75
232,18560.0,18.56,53.45622119815668,upper_middle_50_75
233,18640.0,18.64,53.686635944700456,upper_middle_50_75
234,18720.0,18.72,53.91705069124424,upper_middle_50_75
235,18800.0,18.8,54.14746543778802,upper_middle_50_75
236,18880.0,18.88,54.377880184331794,upper_middle_50_75
237,18960.0,18.96,54.60829493087558,upper_middle_50_75
238,19040.0,19.04,54.83870967741935,upper_middle_50_75
239,19120.0,19.12,55.06912442396313,upper_middle_50_75
240,19200.0,19.2,55.29953917050692,upper_middle_50_75
241,19280.0,19.28,55.52995391705069,upper_middle_50_75
242,19360.0,19.36,55.76036866359447,upper_middle_50_75
243,19440.0,19.44,55.99078341013824,upper_middle_50_75
244,19520.0,19.52,56.22119815668203,upper_middle_50_75
245,19600.0,19.6,56.451612903225815,upper_middle_50_75
246,19680.0,19.68,56.68202764976959,upper_middle_50_75
247,19760.0,19.76,56.91244239631337,upper_middle_50_75
248,19840.0,19.84,57.14285714285714,upper_middle_50_75
249,19920.0,19.92,57.373271889400925,upper_middle_50_75
250,20000.0,20.0,57.6036866359447,upper_middle_50_75
251,20080.0,20.08,57.83410138248848,upper_middle_50_75
252,20160.0,20.16,58.06451612903226,upper_middle_50_75
253,20240.0,20.24,58.294930875576036,upper_middle_50_75
254,20320.0,20.32,58.525345622119815,upper_middle_50_75
255,20400.0,20.4,58.75576036866359,upper_middle_50_75
256,20480.0,20.48,58.986175115207374,upper_middle_50_75
257,20560.0,20.56,59.21658986175116,upper_middle_50_75
258,20640.0,20.64,59.44700460829493,upper_middle_50_75
259,20720.0,20.72,59.67741935483871,upper_middle_50_75
260,20800.0,20.8,59.907834101382484,upper_middle_50_75
261,20880.0,20.88,60.13824884792627,upper_middle_50_75
262,20960.0,20.96,60.36866359447005,upper_middle_50_75
263,21040.0,21.04,60.59907834101382,upper_middle_50_75
264,21120.0,21.12,60.82949308755761,upper_middle_50_75
265,21200.0,21.2,61.05990783410138,upper_middle_50_75
266,21280.0,21.28,61.29032258064516,upper_middle_50_75
267,21360.0,21.36,61.52073732718893,upper_middle_50_75
268,21440.0,21.44,61.75115207373272,upper_middle_50_75
269,21520.0,21.52,61.9815668202765,upper_middle_50_75
270,21600.0,21.6,62.21198156682027,upper_middle_50_75
271,21680.0,21.68,62.44239631336406,upper_middle_50_75
272,21760.0,21.76,62.67281105990783,upper_middle_50_75
273,21840.0,21.84,62.903225806451616,upper_middle_50_75
274,21920.0,21.92,63.133640552995395,upper_middle_50_75
275,22000.0,22.0,63.36405529953917,upper_middle_50_75
276,22080.0,22.08,63.594470046082954,upper_middle_50_75
277,22160.0,22.16,63.824884792626726,upper_middle_50_75
278,22240.0,22.24,64.0552995391705,upper_middle_50_75
279,22320.0,22.32,64.28571428571429,upper_middle_50_75
280,22400.0,22.4,64.51612903225806,upper_middle_50_75
281,22480.0,22.48,64.74654377880185,upper_middle_50_75
282,22560.0,22.56,64.97695852534562,upper_middle_50_75
283,22640.0,22.64,65.2073732718894,upper_middle_50_75
284,22720.0,22.72,65.43778801843318,upper_middle_50_75
285,22800.0,22.8,65.66820276497695,upper_middle_50_75
286,22880.0,22.88,65.89861751152074,upper_middle_50_75
287,22960.0,22.96,66.12903225806451,upper_middle_50_75
288,23040.0,23.04,66.3594470046083,upper_middle_50_75
289,23120.0,23.12,66.58986175115207,upper_middle_50_75
290,23200.0,23.2,66.82027649769586,upper_middle_50_75
291,23280.0,23.28,67.05069124423963,upper_middle_50_75
292,23360.0,23.36,67.2811059907834,upper_middle_50_75
293,23440.0,23.44,67.51152073732719,upper_middle_50_75
294,23520.0,23.52,67.74193548387096,upper_middle_50_75
295,23600.0,23.6,67.97235023041475,upper_middle_50_75
296,23680.0,23.68,68.20276497695853,upper_middle_50_75
297,23760.0,23.76,68.4331797235023,upper_middle_50_75
298,23840.0,23.84,68.66359447004609,upper_middle_50_75
299,23920.0,23.92,68.89400921658986,upper_middle_50_75
300,24000.0,24.0,69.12442396313364,upper_middle_50_75
301,24080.0,24.08,69.35483870967742,upper_middle_50_75
302,24160.0,24.16,69.5852534562212,upper_middle_50_75
303,24240.0,24.24,69.81566820276498,upper_middle_50_75
304,24320.0,24.32,70.04608294930875,upper_middle_50_75
305,24400.0,24.4,70.27649769585254,upper_middle_50_75
306,24480.0,24.48,70.50691244239631,upper_middle_50_75
307,24560.0,24.56,70.73732718894009,upper_middle_50_75
308,24640.0,24.64,70.96774193548387,upper_middle_50_75
309,24720.0,24.72,71.19815668202764,upper_middle_50_75
310,24800.0,24.8,71.42857142857143,upper_middle_50_75
311,24880.0,24.88,71.6589861751152,upper_middle_50_75
312,24960.0,24.96,71.88940092165899,upper_middle_50_75
313,25040.0,25.04,72.11981566820278,upper_middle_50_75
314,25120.0,25.12,72.35023041474655,upper_middle_50_75
315,25200.0,25.2,72.58064516129032,upper_middle_50_75
316,25280.0,25.28,72.81105990783409,upper_middle_50_75
317,25360.0,25.36,73.04147465437788,upper_middle_50_75
318,25440.0,25.44,73.27188940092167,upper_middle_50_75
319,25520.0,25.52,73.50230414746544,upper_middle_50_75
320,25600.0,25.6,73.73271889400922,upper_middle_50_75
321,25680.0,25.68,73.963133640553,upper_middle_50_75
322,25760.0,25.76,74.19354838709677,upper_middle_50_75
323,25840.0,25.84,74.42396313364056,upper_middle_50_75
324,25920.0,25.92,74.65437788018433,upper_middle_50_75
325,26000.0,26.0,74.88479262672811,upper_middle_50_75
326,26080.0,26.08,75.11520737327189,top_75_100
327,26160.0,26.16,75.34562211981567,top_75_100
328,26240.0,26.24,75.57603686635944,top_75_100
329,26320.0,26.32,75.80645161290323,top_75_100
330,26400.0,26.4,76.036866359447,top_75_100
331,26480.0,26.48,76.26728110599078,top_75_100
332,26560.0,26.56,76.49769585253456,top_75_100
333,26640.0,26.64,76.72811059907833,top_75_100
334,26720.0,26.72,76.95852534562212,top_75_100
335,26800.0,26.8,77.18894009216591,top_75_100
336,26880.0,26.88,77.41935483870968,top_75_100
337,26960.0,26.96,77.64976958525345,top_75_100
338,27040.0,27.04,77.88018433179722,top_75_100
339,27120.0,27.12,78.11059907834101,top_75_100
340,27200.0,27.2,78.3410138248848,top_75_100
341,27280.0,27.28,78.57142857142857,top_75_100
342,27360.0,27.36,78.80184331797236,top_75_100
343,27440.0,27.44,79.03225806451613,top_75_100
344,27520.0,27.52,79.26267281105991,top_75_100
345,27600.0,27.6,79.49308755760369,top_75_100
346,27680.0,27.68,79.72350230414746,top_75_100
347,27760.0,27.76,79.95391705069125,top_75_100
348,27840.0,27.84,80.18433179723502,top_75_100
349,27920.0,27.92,80.4147465437788,top_75_100
350,28000.0,28.0,80.64516129032258,top_75_100
351,28080.0,28.08,80.87557603686636,top_75_100
352,28160.0,28.16,81.10599078341014,top_75_100
353,28240.0,28.24,81.33640552995391,top_75_100
354,28320.0,28.32,81.5668202764977,top_75_100
355,28400.0,28.4,81.79723502304147,top_75_100
356,28480.0,28.48,82.02764976958525,top_75_100
357,28560.0,28.56,82.25806451612904,top_75_100
358,28640.0,28.64,82.48847926267281,top_75_100
359,28720.0,28.72,82.7188940092166,top_75_100
360,28800.0,28.8,82.94930875576037,top_75_100
361,28880.0,28.88,83.17972350230414,top_75_100
362,28960.0,28.96,83.41013824884793,top_75_100
363,29040.0,29.04,83.6405529953917,top_75_100
364,29120.0,29.12,83.87096774193549,top_75_100
365,29200.0,29.2,84.10138248847926,top_75_100
366,29280.0,29.28,84.33179723502305,top_75_100
367,29360.0,29.36,84.56221198156682,top_75_100
368,29440.0,29.44,84.7926267281106,top_75_100
369,29520.0,29.52,85.02304147465438,top_75_100
370,29600.0,29.6,85.25345622119815,top_75_100
371,29680.0,29.68,85.48387096774194,top_75_100
372,29760.0,29.76,85.71428571428571,top_75_100
373,29840.0,29.84,85.9447004608295,top_75_100
374,29920.0,29.92,86.17511520737328,top_75_100
375,30000.0,30.0,86.40552995391705,top_75_100
376,30080.0,30.08,86.63594470046083,top_75_100
377,30160.0,30.16,86.8663594470046,top_75_100
378,30240.0,30.24,87.09677419354838,top_75_100
379,30320.0,30.32,87.32718894009217,top_75_100
380,30400.0,30.4,87.55760368663594,top_75_100
381,30480.0,30.48,87.78801843317973,top_75_100
382,30560.0,30.56,88.0184331797235,top_75_100
383,30640.0,30.64,88.24884792626729,top_75_100
384,30720.0,30.72,88.47926267281106,top_75_100
385,30800.0,30.8,88.70967741935483,top_75_100
386,30880.0,30.88,88.94009216589862,top_75_100
387,30960.0,30.96,89.17050691244239,top_75_100
388,31040.0,31.04,89.40092165898618,top_75_100
389,31120.0,31.12,89.63133640552995,top_75_100
390,31200.0,31.2,89.86175115207374,top_75_100
391,31280.0,31.28,90.09216589861751,top_75_100
392,31360.0,31.36,90.32258064516128,top_75_100
393,31440.0,31.44,90.55299539170507,top_75_100
394,31520.0,31.52,90.78341013824884,top_75_100
395,31600.0,31.6,91.01382488479263,top_75_100
396,31680.0,31.68,91.24423963133641,top_75_100
397,31760.0,31.76,91.47465437788019,top_75_100
398,31840.0,31.84,91.70506912442397,top_75_100
399,31920.0,31.92,91.93548387096774,top_75_100
400,32000.0,32.0,92.16589861751152,top_75_100
401,32080.0,32.08,92.3963133640553,top_75_100
402,32160.0,32.16,92.62672811059907,top_75_100
403,32240.0,32.24,92.85714285714286,top_75_100
404,32320.0,32.32,93.08755760368663,top_75_100
405,32400.0,32.4,93.31797235023042,top_75_100
406,32480.0,32.48,93.54838709677419,top_75_100
407,32560.0,32.56,93.77880184331798,top_75_100
408,32640.0,32.64,94.00921658986175,top_75_100
409,32720.0,32.72,94.23963133640552,top_75_100
410,32800.0,32.8,94.47004608294931,top_75_100
411,32880.0,32.88,94.70046082949308,top_75_100
412,32960.0,32.96,94.93087557603687,top_75_100
413,33040.0,33.04,95.16129032258065,top_75_100
414,33120.0,33.12,95.39170506912443,top_75_100
415,33200.0,33.2,95.6221198156682,top_75_100
416,33280.0,33.28,95.85253456221197,top_75_100
417,33360.0,33.36,96.08294930875576,top_75_100
418,33440.0,33.44,96.31336405529954,top_75_100
419,33520.0,33.52,96.54377880184332,top_75_100
420,33600.0,33.6,96.7741935483871,top_75_100
421,33680.0,33.68,97.00460829493088,top_75_100
422,33760.0,33.76,97.23502304147466,top_75_100
423,33840.0,33.84,97.46543778801843,top_75_100
424,33920.0,33.92,97.6958525345622,top_75_100
425,34000.0,34.0,97.92626728110599,top_75_100
426,34080.0,34.08,98.15668202764977,top_75_100
427,34160.0,34.16,98.38709677419355,top_75_100
428,34240.0,34.24,98.61751152073732,top_75_100
429,34320.0,34.32,98.84792626728111,top_75_100
430,34400.0,34.4,99.07834101382488,top_75_100
431,34480.0,34.48,99.30875576036865,top_75_100
432,34560.0,34.56,99.53917050691244,top_75_100
433,34640.0,34.64,99.76958525345621,top_75_100
434,34720.0,34.72,100.0,top_75_100
