slice_id,PC1,PC2,is_anomaly,anomaly_score,anomaly_category,anomaly_flag,anomaly_status,anomaly_score_abs
0,-16.003457634092616,-2.397432448139982,True,0.2323572754543685,high_porosity+resin_rich+resin_fragmented+large_pores,1,Anomalous,0.2323572754543685
1,-16.159629002551373,-4.010912795324393,True,0.2244840142583031,high_porosity+resin_rich+resin_fragmented+large_pores,1,Anomalous,0.2244840142583031
2,-14.78994765147106,-4.687371213172463,True,0.2087776540357229,high_porosity+resin_rich+resin_fragmented+large_pores,1,Anomalous,0.2087776540357229
3,-13.17153009813093,-4.773667568668154,True,0.1808656145572199,high_porosity+resin_rich+resin_fragmented,1,Anomalous,0.1808656145572199
4,-11.460013021276012,-4.886507290870122,True,0.1643456637946632,high_porosity+resin_rich+resin_fragmented,1,Anomalous,0.1643456637946632
5,-9.84214921271822,-4.54454325776649,True,0.1500860669321205,high_porosity+resin_rich+resin_fragmented,1,Anomalous,0.1500860669321205
6,-8.651112168676912,-4.437164389299118,True,0.1323118930038266,high_porosity+resin_rich+resin_fragmented,1,Anomalous,0.1323118930038266
7,-6.979269933757148,-4.0285684890463225,True,0.1010829050083605,high_porosity+resin_rich+resin_fragmented,1,Anomalous,0.1010829050083605
8,-5.901724665930566,-3.736253238684476,True,0.0848388401209111,resin_rich+resin_fragmented,1,Anomalous,0.0848388401209111
9,-4.860751000092385,-3.098568416152665,True,0.04929989785328,resin_rich+resin_fragmented,1,Anomalous,0.04929989785328
10,-4.104939982250705,-2.968909756443282,True,0.0315156458976395,resin_rich+resin_fragmented,1,Anomalous,0.0315156458976395
11,-3.5586915786747944,-2.731922269642056,True,0.0073955771162834,resin_rich+resin_fragmented,1,Anomalous,0.0073955771162834
12,-2.758076235285124,-2.391376547838437,False,-0.0310361735889098,normal,0,Normal,0.0310361735889098
13,-2.582799699672509,-2.3529734998998237,False,-0.0372095699266885,normal,0,Normal,0.0372095699266885
14,-2.0958790853042606,-2.3390668714963656,False,-0.0397887165628834,normal,0,Normal,0.0397887165628834
15,-1.379527756408164,-2.0278604720322377,False,-0.0855847789195789,normal,0,Normal,0.0855847789195789
16,-1.0233429179617437,-1.804630233165468,False,-0.098640954689836,normal,0,Normal,0.098640954689836
17,-0.5026011336492797,-1.8997876814984327,False,-0.1146435357326506,normal,0,Normal,0.1146435357326506
18,-0.1309197618117467,-1.670962967195782,False,-0.135132361384737,normal,0,Normal,0.135132361384737
19,0.1911044118717774,-1.504570965421499,False,-0.1459745589255136,normal,0,Normal,0.1459745589255136
20,0.2641743589426634,-1.4508210436490805,False,-0.1558418900369816,normal,0,Normal,0.1558418900369816
21,0.1843283534311783,-1.3012445807623143,False,-0.1548564110137842,normal,0,Normal,0.1548564110137842
22,-0.1844561173151026,-0.468759952611164,False,-0.1205176076320758,normal,0,Normal,0.1205176076320758
23,-0.6760327743570206,-0.5587873503679759,False,-0.1197036155599705,normal,0,Normal,0.1197036155599705
24,-0.2459796549636702,-0.2442056391111922,False,-0.1507226225729005,normal,0,Normal,0.1507226225729005
25,0.389348284233532,-0.5467603858218212,False,-0.1854931847564347,normal,0,Normal,0.1854931847564347
26,0.827894216697197,-1.0341652660397034,False,-0.1494153509766539,normal,0,Normal,0.1494153509766539
27,1.660880782712296,-1.136357181614993,False,-0.1452846153000559,normal,0,Normal,0.1452846153000559
28,1.6329834432418615,-1.0621285943106482,False,-0.1101493150410026,normal,0,Normal,0.1101493150410026
29,1.5462266024236488,-0.984417464734072,False,-0.1362441135722304,normal,0,Normal,0.1362441135722304
30,1.2695936762001048,-0.611174667152684,False,-0.1678088402893866,normal,0,Normal,0.1678088402893866
31,1.0044749017483416,-0.6629366054301133,False,-0.1881083039097112,normal,0,Normal,0.1881083039097112
32,0.8321826700559203,-0.4700300608062741,False,-0.1862917843934315,normal,0,Normal,0.1862917843934315
33,0.4243038761582587,-0.5012161708913121,False,-0.175785247204974,normal,0,Normal,0.175785247204974
34,0.670847348672211,-0.7299420667353385,False,-0.1805410937935299,normal,0,Normal,0.1805410937935299
35,1.2115480946226356,-0.7064446793478107,False,-0.1836317613503176,normal,0,Normal,0.1836317613503176
36,1.569243947099379,-0.8237005080773917,False,-0.1720500579785434,normal,0,Normal,0.1720500579785434
37,1.8157872017302925,-0.7981182976191874,False,-0.159910143828832,normal,0,Normal,0.159910143828832
38,1.7062376163050628,-0.9287589679554016,False,-0.1643928129919084,normal,0,Normal,0.1643928129919084
39,1.1702070535562294,-1.257342419220129,False,-0.1631102133325074,normal,0,Normal,0.1631102133325074
40,1.084959782432274,-0.8662434567253836,False,-0.1794405289294663,normal,0,Normal,0.1794405289294663
41,0.6075754006964994,-0.4643664231828915,False,-0.1680117183836577,normal,0,Normal,0.1680117183836577
42,0.582412054243106,-0.7088203208008089,False,-0.1525502182944182,normal,0,Normal,0.1525502182944182
43,0.3989117663813898,-0.6514421493177897,False,-0.1716457315475726,normal,0,Normal,0.1716457315475726
44,0.4812652412699038,-0.7098139681732354,False,-0.1735842460573108,normal,0,Normal,0.1735842460573108
45,0.3327977717159069,-0.4102982239625737,False,-0.1570003409223822,normal,0,Normal,0.1570003409223822
46,0.419772719986429,-0.3645440037808869,False,-0.1719774312414005,normal,0,Normal,0.1719774312414005
47,0.437908328283547,-0.306323017180778,False,-0.1845750622099685,normal,0,Normal,0.1845750622099685
48,1.1968642424586031,-0.5279220972330179,False,-0.1878972495229435,normal,0,Normal,0.1878972495229435
49,1.5533464934582968,-0.940203031238101,False,-0.1558584913333869,normal,0,Normal,0.1558584913333869
50,2.045777407210042,-0.6894441949732368,False,-0.1434472280493355,normal,0,Normal,0.1434472280493355
51,1.6438709592387577,-0.3055749027322887,False,-0.1798662351801532,normal,0,Normal,0.1798662351801532
52,1.1295849509742368,-0.0979379730720841,False,-0.1926081570918184,normal,0,Normal,0.1926081570918184
53,0.6451464698586267,0.3026499979996865,False,-0.1725193144081115,normal,0,Normal,0.1725193144081115
54,0.791212575272789,-0.0223890944588108,False,-0.184206955345049,normal,0,Normal,0.184206955345049
55,1.7477131397155967,-0.4357457532321872,False,-0.1690233083716222,normal,0,Normal,0.1690233083716222
56,1.445147209189055,-0.6179169219646036,False,-0.1480461362850272,normal,0,Normal,0.1480461362850272
57,2.00920259700446,-0.4026474000453324,False,-0.1628380972041453,normal,0,Normal,0.1628380972041453
58,2.4382232248853875,-0.5355104626160915,False,-0.1230606650997367,normal,0,Normal,0.1230606650997367
59,2.537548200210328,-0.9904942812184928,False,-0.09808981570478,normal,0,Normal,0.09808981570478
60,2.296812178449239,-1.105993538132018,False,-0.1096400944154228,normal,0,Normal,0.1096400944154228
61,1.9959235735243697,-0.8045219163541946,False,-0.1587169968091878,normal,0,Normal,0.1587169968091878
62,1.5358411075794678,-0.6664610574286426,False,-0.1827858492250983,normal,0,Normal,0.1827858492250983
63,1.686020553804477,-0.1385967601570405,False,-0.1699546605940098,normal,0,Normal,0.1699546605940098
64,1.2759003001735276,0.2348550422310653,False,-0.142259293762178,normal,0,Normal,0.142259293762178
65,1.4871847666746332,-0.3639132287377985,False,-0.1743525741545687,normal,0,Normal,0.1743525741545687
66,1.8301869061757936,-0.8906390409519768,False,-0.1497006474461012,normal,0,Normal,0.1497006474461012
67,1.939062554929865,-0.655976034018663,False,-0.150349803432395,normal,0,Normal,0.150349803432395
68,1.7092319983415856,-0.3996273547987221,False,-0.1743914074183224,normal,0,Normal,0.1743914074183224
69,1.6375501196587596,-0.0111252622152772,False,-0.1719752673929773,normal,0,Normal,0.1719752673929773
70,1.3602622765767085,-0.1548806699763613,False,-0.1744183413690609,normal,0,Normal,0.1744183413690609
71,0.9846694838931648,0.1018827309606683,False,-0.1746505890727019,normal,0,Normal,0.1746505890727019
72,0.7904517627156554,0.1669014196946483,False,-0.180098897030515,normal,0,Normal,0.180098897030515
73,0.9224710546394598,-0.1636082778089783,False,-0.1737305864464642,normal,0,Normal,0.1737305864464642
74,0.977160501246536,-0.6542947841064288,False,-0.1843751664275452,normal,0,Normal,0.1843751664275452
75,1.639082660875575,-0.3494477238052584,False,-0.1895661288103023,normal,0,Normal,0.1895661288103023
76,2.096999393726429,-0.728375364309785,False,-0.1622337408099003,normal,0,Normal,0.1622337408099003
77,2.5480376485271274,-1.1279357163957526,False,-0.1095803373193892,normal,0,Normal,0.1095803373193892
78,2.7043452195754965,-0.7805965607756021,False,-0.0797389206422929,normal,0,Normal,0.0797389206422929
79,2.20160049246284,-0.5492304110582191,False,-0.1349645535911225,normal,0,Normal,0.1349645535911225
80,1.8740054455530517,-0.3541019181485045,False,-0.1751974848229846,normal,0,Normal,0.1751974848229846
81,1.5997818037711216,-0.1287360739755537,False,-0.183514459682731,normal,0,Normal,0.183514459682731
82,1.2397909526562545,-0.4024171696686333,False,-0.1944750109570948,normal,0,Normal,0.1944750109570948
83,1.2365006073674851,-0.2317519350918596,False,-0.1929784625879398,normal,0,Normal,0.1929784625879398
84,1.3759683857983354,0.1937682037544655,False,-0.1756563567215119,normal,0,Normal,0.1756563567215119
85,1.275274040297919,-0.2121813540856728,False,-0.182228963903496,normal,0,Normal,0.182228963903496
86,1.3369512856451526,-0.5280319127248773,False,-0.1862491732797159,normal,0,Normal,0.1862491732797159
87,1.1527116894748937,-0.5006779865360558,False,-0.1883340361995387,normal,0,Normal,0.1883340361995387
88,1.1555864113516598,-0.415249107389841,False,-0.1898566451775567,normal,0,Normal,0.1898566451775567
89,0.4120827525894091,0.0493269700441032,False,-0.1561794542708083,normal,0,Normal,0.1561794542708083
90,-0.184102939149687,0.3066477010490029,False,-0.1343539435113562,normal,0,Normal,0.1343539435113562
91,-0.216457035251607,0.2167302869207748,False,-0.1145907098121457,normal,0,Normal,0.1145907098121457
92,-0.1777730801421332,0.3549805916824308,False,-0.1141264994646762,normal,0,Normal,0.1141264994646762
93,0.1169939637280373,-0.2995441253141236,False,-0.1347353358294032,normal,0,Normal,0.1347353358294032
94,0.1693301040585242,-0.4082473105235369,False,-0.1416203431394737,normal,0,Normal,0.1416203431394737
95,0.6776947660153043,0.3221897878735174,False,-0.1072999890806848,normal,0,Normal,0.1072999890806848
96,1.092231656091678,-0.2437202430915399,False,-0.1384337754859346,normal,0,Normal,0.1384337754859346
97,1.1541202975864095,0.1396868771162984,False,-0.1501504526548194,normal,0,Normal,0.1501504526548194
98,0.9833468585456604,-0.0165292387685624,False,-0.1900812048816903,normal,0,Normal,0.1900812048816903
99,1.381064404083289,-0.2177710896545719,False,-0.1725665910232168,normal,0,Normal,0.1725665910232168
100,1.8076517403057983,-0.1559396586883104,False,-0.1748199251294854,normal,0,Normal,0.1748199251294854
101,1.6968038975157185,-0.0524176518643151,False,-0.1679584971074241,normal,0,Normal,0.1679584971074241
102,1.7419481105529877,0.0167406416584536,False,-0.1756210841263686,normal,0,Normal,0.1756210841263686
103,1.6863994044352029,0.3286012840222612,False,-0.1613891552176107,normal,0,Normal,0.1613891552176107
104,1.8318539687169508,0.2650759549398196,False,-0.1522229964048759,normal,0,Normal,0.1522229964048759
105,1.878656689112659,-0.2092702365360363,False,-0.1757630762352728,normal,0,Normal,0.1757630762352728
106,1.849268474291864,-0.3115438962674671,False,-0.1691895353109826,normal,0,Normal,0.1691895353109826
107,1.5895788048803716,-0.3771842603251421,False,-0.1881068838259992,normal,0,Normal,0.1881068838259992
108,1.6079052285317252,-0.1305750499086669,False,-0.1802376347507382,normal,0,Normal,0.1802376347507382
109,1.959820069347661,-0.4089433331427458,False,-0.1684294025448471,normal,0,Normal,0.1684294025448471
110,1.9328891178647605,-0.2568787773414634,False,-0.1642744353560509,normal,0,Normal,0.1642744353560509
111,1.9941655285851536,-0.3656809442030906,False,-0.1632108709699543,normal,0,Normal,0.1632108709699543
112,1.569184991159417,0.0564090285752447,False,-0.1800042689160186,normal,0,Normal,0.1800042689160186
113,1.17989311283943,-0.0699153089720878,False,-0.1934496559701482,normal,0,Normal,0.1934496559701482
114,0.6313449808705351,-0.0876438772788855,False,-0.1912508613986694,normal,0,Normal,0.1912508613986694
115,0.1265892267921244,-0.0663278036216677,False,-0.1784780709650068,normal,0,Normal,0.1784780709650068
116,0.200829303368085,0.4513693658691037,False,-0.1728373120566485,normal,0,Normal,0.1728373120566485
117,0.1227492768355852,0.5535525904033823,False,-0.1643974549313042,normal,0,Normal,0.1643974549313042
118,0.2577887573701199,0.1040603485808529,False,-0.1774600849484113,normal,0,Normal,0.1774600849484113
119,0.457814275105489,0.7095567121831928,False,-0.1531736919783539,normal,0,Normal,0.1531736919783539
120,0.4154834944688156,0.5187109800433065,False,-0.1762240500791307,normal,0,Normal,0.1762240500791307
121,0.2057846764449104,0.7097146598691679,False,-0.1628565598624629,normal,0,Normal,0.1628565598624629
122,0.185909946231781,0.8500517739646134,False,-0.1375393226611128,normal,0,Normal,0.1375393226611128
123,0.3074869066195429,0.6799276921855987,False,-0.1542387676542058,normal,0,Normal,0.1542387676542058
124,0.5410562772663651,1.1687593470529043,False,-0.1253879842152022,normal,0,Normal,0.1253879842152022
125,0.9894850483371288,0.2610331702462469,False,-0.1660257931269043,normal,0,Normal,0.1660257931269043
126,1.5594222001131697,-0.0636656263660038,False,-0.1700590666484523,normal,0,Normal,0.1700590666484523
127,1.085880337493303,-0.2912127741966703,False,-0.1899592156298954,normal,0,Normal,0.1899592156298954
128,0.7990730207931668,-0.0631706821843183,False,-0.1738306196774492,normal,0,Normal,0.1738306196774492
129,0.5255514417775952,-0.1147908839600582,False,-0.1684462988417115,normal,0,Normal,0.1684462988417115
130,0.6660069119209507,-0.0198019432037173,False,-0.1144277573021993,normal,0,Normal,0.1144277573021993
131,0.6482666078264631,0.4927315583676221,False,-0.0660813093672603,normal,0,Normal,0.0660813093672603
132,0.3926329483419741,0.011247901655333,False,-0.1514595638166554,normal,0,Normal,0.1514595638166554
133,0.3226105759002842,0.0694986791498119,False,-0.1770856414277931,normal,0,Normal,0.1770856414277931
134,0.3464041797421734,0.2802175028393219,False,-0.1780406631404715,normal,0,Normal,0.1780406631404715
135,0.4061530763128795,0.1938940352406156,False,-0.1819031605359982,normal,0,Normal,0.1819031605359982
136,0.3934630327471612,0.2208660036987327,False,-0.1771239620603276,normal,0,Normal,0.1771239620603276
137,0.1146906419199289,0.302641681657097,False,-0.1470007033611275,normal,0,Normal,0.1470007033611275
138,-0.1780491514711229,0.1453423739079737,False,-0.1470686578085562,normal,0,Normal,0.1470686578085562
139,-0.0483398961220578,0.0503615134360301,False,-0.1571369519599029,normal,0,Normal,0.1571369519599029
140,0.504412799356968,0.1340482600867832,False,-0.170034415328492,normal,0,Normal,0.170034415328492
141,0.369592481393064,-0.1717162348834534,False,-0.1898048724864023,normal,0,Normal,0.1898048724864023
142,0.4808696521728871,-0.0057721096499475,False,-0.1910341976167786,normal,0,Normal,0.1910341976167786
143,0.249081731241032,0.0214495516231071,False,-0.1593698158874198,normal,0,Normal,0.1593698158874198
144,0.4736888727786849,-0.1591375325678898,False,-0.1893169682717946,normal,0,Normal,0.1893169682717946
145,0.2788405980538556,0.6848921310755572,False,-0.1553985308108328,normal,0,Normal,0.1553985308108328
146,0.2852546004816687,0.5676886008896632,False,-0.1739478227343898,normal,0,Normal,0.1739478227343898
147,0.2656010813176079,0.2830271318521895,False,-0.17633464978879,normal,0,Normal,0.17633464978879
148,0.3630331905817112,0.4036807591337559,False,-0.1733855163606792,normal,0,Normal,0.1733855163606792
149,0.4317755640669356,0.0440452780595067,False,-0.1883302902120776,normal,0,Normal,0.1883302902120776
150,0.7010533362406131,0.3166219936787789,False,-0.1846874448214681,normal,0,Normal,0.1846874448214681
151,0.5918894240805919,0.2339967628703025,False,-0.1864781732758202,normal,0,Normal,0.1864781732758202
152,0.5689133352922492,0.3800456607272828,False,-0.1810406800278036,normal,0,Normal,0.1810406800278036
153,0.7425681076850785,0.05040953862452,False,-0.1919594623228149,normal,0,Normal,0.1919594623228149
154,0.6767462414666565,0.1787356228515477,False,-0.1826848619962107,normal,0,Normal,0.1826848619962107
155,0.7916771764569707,0.7469852745712346,False,-0.1392088184810118,normal,0,Normal,0.1392088184810118
156,1.4293767255983711,0.9115134935402232,False,-0.1317469738472361,normal,0,Normal,0.1317469738472361
157,1.5440354503168865,0.4154179906108992,False,-0.1388149381297723,normal,0,Normal,0.1388149381297723
158,1.9301498215906667,0.5627248106354404,False,-0.1257269368721268,normal,0,Normal,0.1257269368721268
159,1.5657570204101812,0.1765069062387973,False,-0.1546718632099616,normal,0,Normal,0.1546718632099616
160,1.4430571698394028,0.0864207502903335,False,-0.1785712697487063,normal,0,Normal,0.1785712697487063
161,0.9462289540142432,0.1065561346238838,False,-0.1904103882473026,normal,0,Normal,0.1904103882473026
162,0.8221500351444146,0.0796290526907548,False,-0.1878490244526068,normal,0,Normal,0.1878490244526068
163,0.8030419571643189,-0.402435045884378,False,-0.1771709553673452,normal,0,Normal,0.1771709553673452
164,1.014353448680074,-0.3310738496687467,False,-0.1531799816917053,normal,0,Normal,0.1531799816917053
165,1.5699429515126209,-0.4818311785984042,False,-0.1888245030971873,normal,0,Normal,0.1888245030971873
166,1.6606719232351184,-0.5497234071152113,False,-0.1717577866023917,normal,0,Normal,0.1717577866023917
167,1.3978853196431664,-0.7575753932112289,False,-0.1883083115665751,normal,0,Normal,0.1883083115665751
168,1.2095495978687805,-0.1448993275799844,False,-0.1922975680878133,normal,0,Normal,0.1922975680878133
169,0.9924238584551752,0.0224957795007559,False,-0.17911904048139,normal,0,Normal,0.17911904048139
170,1.0987949324627613,0.0725953868695336,False,-0.1815535055652323,normal,0,Normal,0.1815535055652323
171,1.1827595658433554,-0.3786706302996557,False,-0.1849357469449688,normal,0,Normal,0.1849357469449688
172,1.2182736359103004,-0.0368782087587992,False,-0.1748631286583281,normal,0,Normal,0.1748631286583281
173,1.1380973665376457,0.1023460212252653,False,-0.1473766926659109,normal,0,Normal,0.1473766926659109
174,1.1708350680590451,0.0318223200916039,False,-0.155281805558399,normal,0,Normal,0.155281805558399
175,1.1331280764271705,0.1776784883971343,False,-0.1857266752797749,normal,0,Normal,0.1857266752797749
176,0.7193979468204982,1.3404736478165429,False,-0.1328985201350787,normal,0,Normal,0.1328985201350787
177,0.3435219652368322,1.427791729905784,False,-0.1362401110529111,normal,0,Normal,0.1362401110529111
178,-0.1581355146183257,2.4747933755315943,False,-0.0791478982055061,normal,0,Normal,0.0791478982055061
179,-0.4869457444881269,3.0086438296211053,False,-0.0454277505097676,normal,0,Normal,0.0454277505097676
180,-0.0809973237448547,2.6453341051004133,False,-0.0842485630968502,normal,0,Normal,0.0842485630968502
181,-0.1229435751179766,2.3067807112857204,False,-0.1152458101895233,normal,0,Normal,0.1152458101895233
182,0.3274608662868158,2.2498943002525658,False,-0.0851293561024958,normal,0,Normal,0.0851293561024958
183,0.4528045600072086,2.848363670266268,False,-0.0593396729208298,normal,0,Normal,0.0593396729208298
184,-0.3514026676417805,3.208314865771103,False,-0.0304155242531908,normal,0,Normal,0.0304155242531908
185,-0.7305651034089642,3.73993102256986,False,-0.0289047140253361,normal,0,Normal,0.0289047140253361
186,-1.3355070482263331,3.849596512264188,False,-0.0364204128549962,normal,0,Normal,0.0364204128549962
187,-1.9796122258332665,3.958775647508052,False,-0.0326111556115906,normal,0,Normal,0.0326111556115906
188,-2.21039694470858,3.656909623895349,False,-0.04745037275869,normal,0,Normal,0.04745037275869
189,-2.5110534721099564,3.627445890638393,False,-0.01851931888335,normal,0,Normal,0.01851931888335
190,-2.9069986890614694,3.804936736490996,True,0.0023885945171501,high_porosity+resin_rich+large_pores,1,Anomalous,0.0023885945171501
191,-3.564531631881325,4.126380052426788,True,0.0185347357430476,high_porosity+resin_fragmented+large_pores,1,Anomalous,0.0185347357430476
192,-3.6112087163521607,4.118980635301002,True,0.0120179913624289,high_porosity+resin_fragmented+large_pores,1,Anomalous,0.0120179913624289
193,-3.5691809834816968,4.876308592522642,True,0.0438484340357434,high_porosity+large_pores,1,Anomalous,0.0438484340357434
194,-3.38936765411498,4.149844475769624,True,0.0016805808908429,high_porosity+resin_fragmented+large_pores,1,Anomalous,0.0016805808908429
195,-2.91498379875018,4.50679058030426,False,-0.0036994401228859,normal,0,Normal,0.0036994401228859
196,-2.906338245828142,3.9883403317891073,False,-0.004625871376773,normal,0,Normal,0.004625871376773
197,-2.6162396008363653,5.0039474956952255,True,0.0056762476573838,high_porosity+large_pores,1,Anomalous,0.0056762476573838
198,-2.5664240259915574,5.007068660932731,False,-0.001047047969227,normal,0,Normal,0.001047047969227
199,-2.667373383975276,4.984937379383005,True,0.0033544087392852,high_porosity+resin_fragmented+large_pores,1,Anomalous,0.0033544087392852
200,-2.6753297788905748,4.133882064995326,False,-0.003011207218322,normal,0,Normal,0.003011207218322
201,-2.458573865894095,4.7391819746139,False,-0.0100800659570687,normal,0,Normal,0.0100800659570687
202,-2.3940461137376388,4.6229818465699655,False,-0.0190899651253713,normal,0,Normal,0.0190899651253713
203,-2.3083481589345505,4.669146483208396,False,-0.0190075166150144,normal,0,Normal,0.0190075166150144
204,-2.389361402681083,4.213791193761001,True,0.0021878806312044,high_porosity+resin_fragmented+large_pores,1,Anomalous,0.0021878806312044
205,-1.9527211816390404,4.072279327321664,False,-0.0005508715947565,normal,0,Normal,0.0005508715947565
206,-1.3980896032879664,4.023406789651033,False,-0.0211952993281866,normal,0,Normal,0.0211952993281866
207,-1.061208954119328,3.856407792451699,False,-0.0438135337740528,normal,0,Normal,0.0438135337740528
208,-0.8154732306367961,3.2654148907675085,False,-0.0675561381239287,normal,0,Normal,0.0675561381239287
209,-0.6366573226392236,3.019745001396401,False,-0.064582971271424,normal,0,Normal,0.064582971271424
210,-0.779030826102551,2.665336352516213,False,-0.0869717780007919,normal,0,Normal,0.0869717780007919
211,-0.8839124452643539,2.6800859621106703,False,-0.0811907103530565,normal,0,Normal,0.0811907103530565
212,-0.9749634168222564,2.368324044352898,False,-0.0708465832788718,normal,0,Normal,0.0708465832788718
213,-1.6101902772888812,2.6252258450351893,False,-0.0391442902012419,normal,0,Normal,0.0391442902012419
214,-2.4133021867637465,1.8475028568491023,False,-0.0436177911597377,normal,0,Normal,0.0436177911597377
215,-1.9251900362883263,1.8626903230488032,False,-0.037179810234539,normal,0,Normal,0.037179810234539
216,-1.3116718471989774,1.2034648746188934,False,-0.0880145361199463,normal,0,Normal,0.0880145361199463
217,-0.2848684908415251,0.3626699574142381,False,-0.1592846637594228,normal,0,Normal,0.1592846637594228
218,0.7664998414113514,0.3755752192086853,False,-0.1657757384026907,normal,0,Normal,0.1657757384026907
219,1.3901957658504849,0.0176216770243581,False,-0.1609039231398095,normal,0,Normal,0.1609039231398095
220,1.729420342270828,-0.1824789381392423,False,-0.160399106549106,normal,0,Normal,0.160399106549106
221,1.6494214950036097,-0.0894755177061707,False,-0.1719101711437654,normal,0,Normal,0.1719101711437654
222,1.3679536494635618,0.441515077475262,False,-0.1692455227969618,normal,0,Normal,0.1692455227969618
223,1.143790958745754,0.3367667054658911,False,-0.1708629334377711,normal,0,Normal,0.1708629334377711
224,0.944099057153879,0.1926743003560935,False,-0.1723733624683373,normal,0,Normal,0.1723733624683373
225,1.0700834893812303,0.0800773945313282,False,-0.1731127505280718,normal,0,Normal,0.1731127505280718
226,1.15856797336572,0.1208994924011283,False,-0.176655952591244,normal,0,Normal,0.176655952591244
227,1.0126126131236115,0.1852645319945347,False,-0.1709985992720523,normal,0,Normal,0.1709985992720523
228,0.9267506191914102,0.3471865024018774,False,-0.1757024782527738,normal,0,Normal,0.1757024782527738
229,0.7212521419527236,-0.0628344646405266,False,-0.1830683925558612,normal,0,Normal,0.1830683925558612
230,1.1602879189285835,-0.0337494678521923,False,-0.1761276327364663,normal,0,Normal,0.1761276327364663
231,1.4051529754225514,-0.0396847208226463,False,-0.1864774886557502,normal,0,Normal,0.1864774886557502
232,1.1169363088138238,-0.2061313941394896,False,-0.1913510316154095,normal,0,Normal,0.1913510316154095
233,0.597769879684885,-0.4016495291102578,False,-0.1761746565481258,normal,0,Normal,0.1761746565481258
234,0.5539184532856631,-0.4027890723086816,False,-0.1874246586325837,normal,0,Normal,0.1874246586325837
235,0.999837782919062,-0.1218054682990695,False,-0.1948252834529314,normal,0,Normal,0.1948252834529314
236,0.9987009931886944,-0.4992819422011076,False,-0.18417059652571,normal,0,Normal,0.18417059652571
237,0.8166616811468758,-0.3823353398956016,False,-0.1909637380051561,normal,0,Normal,0.1909637380051561
238,0.8050524317595243,0.0557292775056521,False,-0.1902239648305014,normal,0,Normal,0.1902239648305014
239,0.4965290887158102,-0.4388289806116675,False,-0.1874027855769078,normal,0,Normal,0.1874027855769078
240,-0.2039098560098233,0.0184100738748039,False,-0.1457762387379728,normal,0,Normal,0.1457762387379728
241,-0.6667426915290664,0.3433444133058612,False,-0.134581873245928,normal,0,Normal,0.134581873245928
242,-0.1874742686863535,0.3531270258602017,False,-0.1612949485575887,normal,0,Normal,0.1612949485575887
243,-0.1357905084949285,0.4747414488052366,False,-0.1602070320283863,normal,0,Normal,0.1602070320283863
244,0.2684564436239741,0.8383825367447596,False,-0.1508852343388436,normal,0,Normal,0.1508852343388436
245,0.5432888830552141,0.6897174917383598,False,-0.1555725691726618,normal,0,Normal,0.1555725691726618
246,1.1293989006074594,1.044485297688989,False,-0.1403947429934285,normal,0,Normal,0.1403947429934285
247,1.3623113018623765,1.126956200459061,False,-0.1066296958839247,normal,0,Normal,0.1066296958839247
248,1.2987008742170445,1.2629243987048904,False,-0.0759626778551221,normal,0,Normal,0.0759626778551221
249,0.5779445444407941,1.4366259887692512,False,-0.0658594325033117,normal,0,Normal,0.0658594325033117
250,0.0979277578462021,1.669282235558897,False,-0.0722643863025842,normal,0,Normal,0.0722643863025842
251,-0.456181118663218,1.7939121641053462,False,-0.0546172441854169,normal,0,Normal,0.0546172441854169
252,-0.055876954024395,2.5952612532818646,False,-0.0700917440821188,normal,0,Normal,0.0700917440821188
253,-0.0640699673959489,1.630216344910118,False,-0.0797296314609235,normal,0,Normal,0.0797296314609235
254,0.1093685133696517,1.6270065545697083,False,-0.1161785712702153,normal,0,Normal,0.1161785712702153
255,-0.58703891896653,1.6673858772476973,False,-0.1176128958883796,normal,0,Normal,0.1176128958883796
256,-1.102132110610143,2.01101480348228,False,-0.1078007225267307,normal,0,Normal,0.1078007225267307
257,-1.2399905513616825,1.4952590726753114,False,-0.107693596703455,normal,0,Normal,0.107693596703455
258,-0.9228582640027096,1.2119227698844983,False,-0.126514813640044,normal,0,Normal,0.126514813640044
259,-1.1290171966224294,0.8000295964854617,False,-0.1109077120903255,normal,0,Normal,0.1109077120903255
260,-1.338055931649709,0.7876358181110351,False,-0.0881157934781563,normal,0,Normal,0.0881157934781563
261,-0.6323570324326164,1.176363253043487,False,-0.1315817351019953,normal,0,Normal,0.1315817351019953
262,0.0819059972415151,1.1407705009487836,False,-0.1358366361799898,normal,0,Normal,0.1358366361799898
263,0.7095206678626238,1.0715257510513154,False,-0.1360876562799817,normal,0,Normal,0.1360876562799817
264,1.2347466381702985,0.8366822734502679,False,-0.1247323578742771,normal,0,Normal,0.1247323578742771
265,1.5227820933984113,0.5605392950629402,False,-0.1386273891390971,normal,0,Normal,0.1386273891390971
266,1.7927390060951638,0.3893568542371455,False,-0.13895110967651,normal,0,Normal,0.13895110967651
267,1.919435539289072,-0.4557139427575246,False,-0.1005959576810196,normal,0,Normal,0.1005959576810196
268,1.801215386610891,-0.8216839692951535,False,-0.1123168433916146,normal,0,Normal,0.1123168433916146
269,1.7513584005424747,-0.7524100438132222,False,-0.1582630487836492,normal,0,Normal,0.1582630487836492
270,1.698061778769298,-0.7833129659971892,False,-0.1678792882270223,normal,0,Normal,0.1678792882270223
271,1.5648368995297348,-0.8253129934854152,False,-0.1658910551326075,normal,0,Normal,0.1658910551326075
272,1.642701025132546,-0.6857458446879015,False,-0.1664589934054702,normal,0,Normal,0.1664589934054702
273,1.9012103928016304,-0.8022929604676328,False,-0.161792794523795,normal,0,Normal,0.161792794523795
274,2.3543052979598844,-0.7890733607620475,False,-0.1124561134734886,normal,0,Normal,0.1124561134734886
275,2.7190190794061238,-0.5425077489806516,False,-0.0690839547972794,normal,0,Normal,0.0690839547972794
276,2.7972215809647345,-0.5052095417188212,False,-0.0679608653635543,normal,0,Normal,0.0679608653635543
277,2.264135829618805,-0.3479038146339081,False,-0.1071139285699781,normal,0,Normal,0.1071139285699781
278,1.4726757213925008,-0.285469150871712,False,-0.0978504268059328,normal,0,Normal,0.0978504268059328
279,1.42563233190754,-0.4862437990316191,False,-0.156072664372817,normal,0,Normal,0.156072664372817
280,0.9422488879650583,0.0002220448288697,False,-0.1813384391198107,normal,0,Normal,0.1813384391198107
281,0.527714860519813,0.2402717737423755,False,-0.1810428626667655,normal,0,Normal,0.1810428626667655
282,0.0296079403031585,0.1826864902189223,False,-0.1486639071194738,normal,0,Normal,0.1486639071194738
283,-0.4779505348387354,-0.2612665540277532,False,-0.1269969015614379,normal,0,Normal,0.1269969015614379
284,-0.4836970001108585,-0.7370452610713313,False,-0.1331718763618284,normal,0,Normal,0.1331718763618284
285,-0.397360081931409,-0.7872660653041742,False,-0.1591662617296066,normal,0,Normal,0.1591662617296066
286,-0.1018208231513644,-0.5458044691369168,False,-0.1675946676352572,normal,0,Normal,0.1675946676352572
287,-0.1297771956269319,-0.7611380472249407,False,-0.1614742350450393,normal,0,Normal,0.1614742350450393
288,-0.2114737147982064,-1.0456755251837078,False,-0.1500538967322395,normal,0,Normal,0.1500538967322395
289,0.1371708965082739,-0.8591480598908963,False,-0.1552945093822738,normal,0,Normal,0.1552945093822738
290,0.2833248216874058,-0.9497346865965756,False,-0.1344540296443672,normal,0,Normal,0.1344540296443672
291,0.3120342480059663,-0.9347288702002784,False,-0.1710733497395469,normal,0,Normal,0.1710733497395469
292,0.8423215510097934,-0.7311491480286805,False,-0.1791525220992175,normal,0,Normal,0.1791525220992175
293,0.8964269774169794,-0.9899558685856442,False,-0.1808497142637785,normal,0,Normal,0.1808497142637785
294,1.265945862962881,-0.8001880912018462,False,-0.1828833477193788,normal,0,Normal,0.1828833477193788
295,1.1751914182397931,-0.3981073897156902,False,-0.1844915117670255,normal,0,Normal,0.1844915117670255
296,1.7754235198292605,-0.0022013051156429,False,-0.1421367391857214,normal,0,Normal,0.1421367391857214
297,1.5197443528799113,-0.7239499355397349,False,-0.1758065680193581,normal,0,Normal,0.1758065680193581
298,1.9417803306600852,-0.9068545933686608,False,-0.1626265672672213,normal,0,Normal,0.1626265672672213
299,1.9777909700243703,-1.0633315576719815,False,-0.1639271838181005,normal,0,Normal,0.1639271838181005
300,1.785885299079959,-1.2641206813512902,False,-0.1497836399111908,normal,0,Normal,0.1497836399111908
301,1.967077689806116,-1.2225091760973776,False,-0.1549931111745966,normal,0,Normal,0.1549931111745966
302,1.633105815121493,-1.2973704489209423,False,-0.1551313068848655,normal,0,Normal,0.1551313068848655
303,1.379658546769462,-1.0132106032091788,False,-0.1617140100576033,normal,0,Normal,0.1617140100576033
304,1.0470382387660968,-0.8088461762287189,False,-0.1733934984723609,normal,0,Normal,0.1733934984723609
305,1.3228362179525364,-0.6423152586374365,False,-0.1731795856858623,normal,0,Normal,0.1731795856858623
306,1.4965157827685425,-0.9059639805762484,False,-0.1639444490559464,normal,0,Normal,0.1639444490559464
307,2.1088459988591235,-0.6267910888399375,False,-0.130351474928241,normal,0,Normal,0.130351474928241
308,2.121675990872941,-0.6337644344007486,False,-0.15764326008487,normal,0,Normal,0.15764326008487
309,2.406438884867463,-1.1507257006782514,False,-0.1259165570461715,normal,0,Normal,0.1259165570461715
310,2.1923996847347484,-1.2624587518701502,False,-0.1130804824989108,normal,0,Normal,0.1130804824989108
311,2.07339152138731,-1.0859003211047782,False,-0.1451514980156023,normal,0,Normal,0.1451514980156023
312,1.635372008351581,-0.7410443297522499,False,-0.1525516785189191,normal,0,Normal,0.1525516785189191
313,1.2720353104956328,-0.3329719759135343,False,-0.1685662561435194,normal,0,Normal,0.1685662561435194
314,1.1806876100529025,-0.4023194705047838,False,-0.1002994822434767,normal,0,Normal,0.1002994822434767
315,1.3475726329668445,-0.1586924901609486,False,-0.110653042005019,normal,0,Normal,0.110653042005019
316,1.5778618711115355,-0.5934388652607087,False,-0.1396266459427837,normal,0,Normal,0.1396266459427837
317,2.061076497454854,-0.7097494490461594,False,-0.1044697256988098,normal,0,Normal,0.1044697256988098
318,2.8577262919442754,-0.6045470368199669,False,-0.073383481531177,normal,0,Normal,0.073383481531177
319,3.1551830847703988,-0.7751144749293252,False,-0.0662299290875549,normal,0,Normal,0.0662299290875549
320,3.149063661314452,-0.8855791026584098,False,-0.0845926215870681,normal,0,Normal,0.0845926215870681
321,3.357304794556058,-0.8314388072556221,False,-0.058187563145862,normal,0,Normal,0.058187563145862
322,3.0426468797669863,-0.8467542917992359,False,-0.0899576642982681,normal,0,Normal,0.0899576642982681
323,3.4329827944584697,-0.7879877280214456,False,-0.064291830781093,normal,0,Normal,0.064291830781093
324,3.4870170061212704,-1.0797656833228395,False,-0.024103680134361,normal,0,Normal,0.024103680134361
325,3.707767404770282,-1.0001572628108275,False,-0.0149080707322816,normal,0,Normal,0.0149080707322816
326,3.686174004541539,-0.8387645815567148,False,-0.0339998694350649,normal,0,Normal,0.0339998694350649
327,3.225170668696242,-0.864051402384358,False,-0.0646726081640302,normal,0,Normal,0.0646726081640302
328,3.238551632882579,-0.809501810341287,False,-0.0669849932360203,normal,0,Normal,0.0669849932360203
329,3.1450789830688146,-0.7338080022437373,False,-0.0473535363246905,normal,0,Normal,0.0473535363246905
330,2.7702089295807317,-0.6130633970687162,False,-0.0624965645790122,normal,0,Normal,0.0624965645790122
331,2.7066886879009853,-0.6237625312751668,False,-0.0922749026456329,normal,0,Normal,0.0922749026456329
332,2.753058211940766,-0.6812068154991904,False,-0.1052319934408577,normal,0,Normal,0.1052319934408577
333,2.0836837568951467,-1.3139791984575035,False,-0.1115778209651242,normal,0,Normal,0.1115778209651242
334,2.003501924994957,-0.989843778448902,False,-0.1533399168092139,normal,0,Normal,0.1533399168092139
335,1.700193160701993,-1.023895796103928,False,-0.1249363550847787,normal,0,Normal,0.1249363550847787
336,1.469018643936187,-0.7297647985114567,False,-0.1601404278337985,normal,0,Normal,0.1601404278337985
337,0.8171756232028525,-0.7547862929416146,False,-0.1708310748503577,normal,0,Normal,0.1708310748503577
338,0.637646857906788,-0.5141661697255463,False,-0.1528151231733092,normal,0,Normal,0.1528151231733092
339,0.1879555615517457,-0.6792278535469283,False,-0.1534816181814047,normal,0,Normal,0.1534816181814047
340,0.2029600112606296,-0.507141538114494,False,-0.1687623653989697,normal,0,Normal,0.1687623653989697
341,0.0217481766523281,-0.8615567966500433,False,-0.1697173269327714,normal,0,Normal,0.1697173269327714
342,0.6606221431400032,-0.4517131485561508,False,-0.1513976856159624,normal,0,Normal,0.1513976856159624
343,0.5150517892832566,-0.6771256198536624,False,-0.1432870470264104,normal,0,Normal,0.1432870470264104
344,0.3981336757422972,-0.8181789663462731,False,-0.1588947671533672,normal,0,Normal,0.1588947671533672
345,0.3778276014983256,-1.0351665524826614,False,-0.1739928735675412,normal,0,Normal,0.1739928735675412
346,0.6202373624637421,-0.9886452184561328,False,-0.1726348413183828,normal,0,Normal,0.1726348413183828
347,0.8656651745781774,-1.2804009991366814,False,-0.1695527012116127,normal,0,Normal,0.1695527012116127
348,0.48428168743666,-1.4520585830927502,False,-0.1647839228280434,normal,0,Normal,0.1647839228280434
349,0.7103856352117535,-1.3406006724422908,False,-0.1719579034776099,normal,0,Normal,0.1719579034776099
350,0.971266648336826,-1.3573023396708657,False,-0.164242395925188,normal,0,Normal,0.164242395925188
351,0.9330507153131384,-1.6356395789971494,False,-0.149175877344064,normal,0,Normal,0.149175877344064
352,0.958550350028957,-1.645422223205031,False,-0.1371116687881044,normal,0,Normal,0.1371116687881044
353,0.9045484515733688,-1.590332142088276,False,-0.152029876542899,normal,0,Normal,0.152029876542899
354,0.6487165325944556,-1.4469669002238337,False,-0.1655783900895013,normal,0,Normal,0.1655783900895013
355,0.4170108746858509,-1.3757638793985036,False,-0.1627813547281806,normal,0,Normal,0.1627813547281806
356,0.5075375210368406,-1.3987059082826725,False,-0.15243848288101,normal,0,Normal,0.15243848288101
357,0.4917213084326292,-1.2174926190512725,False,-0.1140216684812847,normal,0,Normal,0.1140216684812847
358,0.04557671209516,-1.092706397385386,False,-0.1502599970027265,normal,0,Normal,0.1502599970027265
359,-0.1476606553258567,-0.8316892328412341,False,-0.1376204207786065,normal,0,Normal,0.1376204207786065
360,-0.3829428526915878,-0.655070623439583,False,-0.1525392689403813,normal,0,Normal,0.1525392689403813
361,-0.4155625884992542,-0.6382999947795368,False,-0.1379370614080162,normal,0,Normal,0.1379370614080162
362,-0.2763634976700051,-0.987301679756026,False,-0.1601010041589322,normal,0,Normal,0.1601010041589322
363,-0.3346690984064917,-1.2513917313637968,False,-0.1411930273382103,normal,0,Normal,0.1411930273382103
364,-0.2859405590346822,-1.3825057030874814,False,-0.1416192243514211,normal,0,Normal,0.1416192243514211
365,-0.1304954462923634,-1.3043847149249366,False,-0.133354164998366,normal,0,Normal,0.133354164998366
366,-0.1731776287668445,-1.341742883381855,False,-0.1159562983119159,normal,0,Normal,0.1159562983119159
367,-0.3092430957648523,-1.401044326455919,False,-0.1117059337787751,normal,0,Normal,0.1117059337787751
368,-0.1686023759264884,-1.511650622172787,False,-0.1248467487458239,normal,0,Normal,0.1248467487458239
369,-0.3057524221602347,-1.7347638106933905,False,-0.1445794999398025,normal,0,Normal,0.1445794999398025
370,-0.0331939204804317,-1.4752268463324956,False,-0.1573346962263214,normal,0,Normal,0.1573346962263214
371,0.1335154975250375,-1.4926454237649796,False,-0.1515796856576022,normal,0,Normal,0.1515796856576022
372,-0.3147598484466886,-1.523322708185757,False,-0.1305925309516727,normal,0,Normal,0.1305925309516727
373,-0.1236386295623136,-1.5129554333438986,False,-0.1367410665072996,normal,0,Normal,0.1367410665072996
374,0.0188579212716004,-1.8272247320701689,False,-0.1316670566262004,normal,0,Normal,0.1316670566262004
375,0.2949555900802075,-1.6550241229400164,False,-0.1407154599548737,normal,0,Normal,0.1407154599548737
376,0.1039706382562278,-1.5614913447500125,False,-0.1413369718306061,normal,0,Normal,0.1413369718306061
377,-0.3758186459656285,-1.6097131442469794,False,-0.1402223745190742,normal,0,Normal,0.1402223745190742
378,-0.8836446947670472,-1.601882070078495,False,-0.1194713009127637,normal,0,Normal,0.1194713009127637
379,-1.006891284547368,-1.7022733981704816,False,-0.1155268739768473,normal,0,Normal,0.1155268739768473
380,-0.9073724748316416,-1.2961669038589108,False,-0.1275393132234617,normal,0,Normal,0.1275393132234617
381,-1.3514152981731222,-1.0280028950655724,False,-0.1194815461776697,normal,0,Normal,0.1194815461776697
382,-1.7122491817845038,-0.7102106200384783,False,-0.1067903773560601,normal,0,Normal,0.1067903773560601
383,-1.994619669253222,-0.444774568200953,False,-0.0753095209663825,normal,0,Normal,0.0753095209663825
384,-1.8772700681555263,0.1251808213126792,False,-0.0968706475038699,normal,0,Normal,0.0968706475038699
385,-2.3435076281504688,0.4715672302455564,False,-0.0910642594881077,normal,0,Normal,0.0910642594881077
386,-2.401082772376094,0.7788747499044633,False,-0.0940854138521454,normal,0,Normal,0.0940854138521454
387,-2.214046731533392,1.3109314779202867,False,-0.0976986648551112,normal,0,Normal,0.0976986648551112
388,-2.282983551288069,1.8143738696830043,False,-0.0751578904600435,normal,0,Normal,0.0751578904600435
389,-2.313282431670608,2.0404483342699824,False,-0.0472802555679386,normal,0,Normal,0.0472802555679386
390,-2.2635886045095512,2.517094839340278,False,-0.045036636409664,normal,0,Normal,0.045036636409664
391,-2.273043844099853,2.410491325256966,False,-0.0523026918343069,normal,0,Normal,0.0523026918343069
392,-2.197017898275761,2.305267713411069,False,-0.0757024709635299,normal,0,Normal,0.0757024709635299
393,-1.95831906240425,2.3989180760904776,False,-0.0762956324896205,normal,0,Normal,0.0762956324896205
394,-1.9322929585999613,2.507172564753068,False,-0.0705223838521735,normal,0,Normal,0.0705223838521735
395,-2.010822936001791,2.1451243499977406,False,-0.0785447755547819,normal,0,Normal,0.0785447755547819
396,-1.8789424156129515,1.6912478245598557,False,-0.0824235336512267,normal,0,Normal,0.0824235336512267
397,-1.882406116118904,1.7481734003685327,False,-0.0831361398469528,normal,0,Normal,0.0831361398469528
398,-2.096934696983693,1.4802083080439177,False,-0.0909214346154362,normal,0,Normal,0.0909214346154362
399,-1.954741847723648,1.1124908478108797,False,-0.0973514572506941,normal,0,Normal,0.0973514572506941
400,-1.872313973714915,1.0809387591727708,False,-0.0952943121222369,normal,0,Normal,0.0952943121222369
401,-2.3063020046165983,0.9509656814794102,False,-0.091199076656295,normal,0,Normal,0.091199076656295
402,-2.351806576976479,1.1579392777410449,False,-0.0743525888048374,normal,0,Normal,0.0743525888048374
403,-2.414102379902131,0.9004729392128759,False,-0.0637218813702168,normal,0,Normal,0.0637218813702168
404,-2.7205808390942727,0.3926949332099603,False,-0.072783147298144,normal,0,Normal,0.072783147298144
405,-2.8809776321910943,0.6476225633189937,False,-0.0758799587818574,normal,0,Normal,0.0758799587818574
406,-3.102468933070135,0.78233177354288,False,-0.0664490908688441,normal,0,Normal,0.0664490908688441
407,-2.925992058270888,1.2386790117924336,False,-0.0332720742689253,normal,0,Normal,0.0332720742689253
408,-3.0643842218083286,0.8577217529766284,False,-0.0425310942345551,normal,0,Normal,0.0425310942345551
409,-3.081638479888777,0.9663294839971882,False,-0.0427140785885064,normal,0,Normal,0.0427140785885064
410,-3.742112304469399,0.4479694504608361,False,-0.0057499930358886,normal,0,Normal,0.0057499930358886
411,-3.959414524017104,0.3374312601642487,True,0.0045439329952281,high_porosity+resin_rich,1,Anomalous,0.0045439329952281
412,-3.8932714653463663,0.2849405221755128,False,-0.007026809679299,normal,0,Normal,0.007026809679299
413,-3.9745494370715138,0.1373003572261472,True,0.0012853670544318,high_porosity+resin_rich+resin_fragmented,1,Anomalous,0.0012853670544318
414,-3.973679618885329,0.0913576753839535,False,-0.002502865862254,normal,0,Normal,0.002502865862254
415,-3.697662168432521,-0.2759961481439293,False,-0.0113757422787458,normal,0,Normal,0.0113757422787458
416,-3.70233397352211,-0.5881466839866547,False,-0.0346316849182209,normal,0,Normal,0.0346316849182209
417,-2.9848293687731102,-0.3460683054422874,False,-0.0694386452861871,normal,0,Normal,0.0694386452861871
418,-2.5379072736666086,-0.2716388255886011,False,-0.0870787400963974,normal,0,Normal,0.0870787400963974
419,-2.176218111287998,0.3099659384687519,False,-0.0991544639971899,normal,0,Normal,0.0991544639971899
420,-2.017278273592772,0.1887390560275854,False,-0.1103597019168813,normal,0,Normal,0.1103597019168813
421,-1.743564298138947,0.0751937113412574,False,-0.1222228251512643,normal,0,Normal,0.1222228251512643
422,-1.552003862606531,-0.00389223786909,False,-0.1211449581428867,normal,0,Normal,0.1211449581428867
423,-1.0548985475479171,0.1159754787251165,False,-0.093650594415139,normal,0,Normal,0.093650594415139
424,-0.9802338924424896,-0.1113080585257762,False,-0.1239094164758647,normal,0,Normal,0.1239094164758647
425,-0.8241156420856923,-0.2955450978203897,False,-0.1021651622502266,normal,0,Normal,0.1021651622502266
426,-0.8780251465014214,-0.5275049946621955,False,-0.1286229266519092,normal,0,Normal,0.1286229266519092
427,-1.28639772974955,-0.4570639892581634,False,-0.1209408158774826,normal,0,Normal,0.1209408158774826
428,-1.4687148251374469,-0.4095726338884446,False,-0.1209596160945005,normal,0,Normal,0.1209596160945005
429,-1.4314939621992144,-0.4600849784386723,False,-0.1204337744920159,normal,0,Normal,0.1204337744920159
430,-1.4775619848669124,-0.743961442763922,False,-0.1179411795553321,normal,0,Normal,0.1179411795553321
431,-1.0909665265730106,-0.8683823201536369,False,-0.1076695561598505,normal,0,Normal,0.1076695561598505
432,-1.9291840418502288,-1.7016387759290454,False,-0.0627650472125681,normal,0,Normal,0.0627650472125681
433,-1.8379386453394708,-1.556650293760329,False,-0.0780016570402927,normal,0,Normal,0.0780016570402927
434,-1.8851256606624005,-1.0821211397700716,False,-0.0759862431461191,normal,0,Normal,0.0759862431461191
