slice_id,image_type,image_path,image_filename,z_um,z_mm,relative_depth_percent,slice_zone,pore_fraction,resin_fraction,matrix_fraction,heterogeneity_index,anomaly_flag,anomaly_status,anomaly_score,anomaly_category
0,original,C:\Users\Peter\ai-imaging-portfolio\projects\05_microct_quality_monitoring_powerbi\data\dashboard_exports\slice_images\selected_slices\slice_0000_original.png,slice_0000_original.png,0.0,0.0,0.0,bottom_0_25,0.0568750695294248,0.3030648570475025,0.6220658582712204,0.2313755191934876,1,Anomalous,0.2323572754543685,high_porosity+resin_rich+resin_fragmented+large_pores
0,segmentation,C:\Users\Peter\ai-imaging-portfolio\projects\05_microct_quality_monitoring_powerbi\data\dashboard_exports\slice_images\selected_slices\slice_0000_segmentation.png,slice_0000_segmentation.png,0.0,0.0,0.0,bottom_0_25,0.0568750695294248,0.3030648570475025,0.6220658582712204,0.2313755191934876,1,Anomalous,0.2323572754543685,high_porosity+resin_rich+resin_fragmented+large_pores
0,pore_mask,C:\Users\Peter\ai-imaging-portfolio\projects\05_microct_quality_monitoring_powerbi\data\dashboard_exports\slice_images\selected_slices\slice_0000_pore_mask.png,slice_0000_pore_mask.png,0.0,0.0,0.0,bottom_0_25,0.0568750695294248,0.3030648570475025,0.6220658582712204,0.2313755191934876,1,Anomalous,0.2323572754543685,high_porosity+resin_rich+resin_fragmented+large_pores
0,resin_mask,C:\Users\Peter\ai-imaging-portfolio\projects\05_microct_quality_monitoring_powerbi\data\dashboard_exports\slice_images\selected_slices\slice_0000_resin_mask.png,slice_0000_resin_mask.png,0.0,0.0,0.0,bottom_0_25,0.0568750695294248,0.3030648570475025,0.6220658582712204,0.2313755191934876,1,Anomalous,0.2323572754543685,high_porosity+resin_rich+resin_fragmented+large_pores
1,original,C:\Users\Peter\ai-imaging-portfolio\projects\05_microct_quality_monitoring_powerbi\data\dashboard_exports\slice_images\selected_slices\slice_0001_original.png,slice_0001_original.png,80.0,0.08,0.2304147465437788,bottom_0_25,0.0493658916453443,0.3023417510290355,0.6383635554566692,0.241252676774308,1,Anomalous,0.2244840142583031,high_porosity+resin_rich+resin_fragmented+large_pores
1,segmentation,C:\Users\Peter\ai-imaging-portfolio\projects\05_microct_quality_monitoring_powerbi\data\dashboard_exports\slice_images\selected_slices\slice_0001_segmentation.png,slice_0001_segmentation.png,80.0,0.08,0.2304147465437788,bottom_0_25,0.0493658916453443,0.3023417510290355,0.6383635554566692,0.241252676774308,1,Anomalous,0.2244840142583031,high_porosity+resin_rich+resin_fragmented+large_pores
1,pore_mask,C:\Users\Peter\ai-imaging-portfolio\projects\05_microct_quality_monitoring_powerbi\data\dashboard_exports\slice_images\selected_slices\slice_0001_pore_mask.png,slice_0001_pore_mask.png,80.0,0.08,0.2304147465437788,bottom_0_25,0.0493658916453443,0.3023417510290355,0.6383635554566692,0.241252676774308,1,Anomalous,0.2244840142583031,high_porosity+resin_rich+resin_fragmented+large_pores
1,resin_mask,C:\Users\Peter\ai-imaging-portfolio\projects\05_microct_quality_monitoring_powerbi\data\dashboard_exports\slice_images\selected_slices\slice_0001_resin_mask.png,slice_0001_resin_mask.png,80.0,0.08,0.2304147465437788,bottom_0_25,0.0493658916453443,0.3023417510290355,0.6383635554566692,0.241252676774308,1,Anomalous,0.2244840142583031,high_porosity+resin_rich+resin_fragmented+large_pores
2,original,C:\Users\Peter\ai-imaging-portfolio\projects\05_microct_quality_monitoring_powerbi\data\dashboard_exports\slice_images\selected_slices\slice_0002_original.png,slice_0002_original.png,160.0,0.16,0.4608294930875576,bottom_0_25,0.0407998665035042,0.2942485259761931,0.6572755590165759,0.2529969541244139,1,Anomalous,0.2087776540357229,high_porosity+resin_rich+resin_fragmented+large_pores
2,segmentation,C:\Users\Peter\ai-imaging-portfolio\projects\05_microct_quality_monitoring_powerbi\data\dashboard_exports\slice_images\selected_slices\slice_0002_segmentation.png,slice_0002_segmentation.png,160.0,0.16,0.4608294930875576,bottom_0_25,0.0407998665035042,0.2942485259761931,0.6572755590165759,0.2529969541244139,1,Anomalous,0.2087776540357229,high_porosity+resin_rich+resin_fragmented+large_pores
2,pore_mask,C:\Users\Peter\ai-imaging-portfolio\projects\05_microct_quality_monitoring_powerbi\data\dashboard_exports\slice_images\selected_slices\slice_0002_pore_mask.png,slice_0002_pore_mask.png,160.0,0.16,0.4608294930875576,bottom_0_25,0.0407998665035042,0.2942485259761931,0.6572755590165759,0.2529969541244139,1,Anomalous,0.2087776540357229,high_porosity+resin_rich+resin_fragmented+large_pores
2,resin_mask,C:\Users\Peter\ai-imaging-portfolio\projects\05_microct_quality_monitoring_powerbi\data\dashboard_exports\slice_images\selected_slices\slice_0002_resin_mask.png,slice_0002_resin_mask.png,160.0,0.16,0.4608294930875576,bottom_0_25,0.0407998665035042,0.2942485259761931,0.6572755590165759,0.2529969541244139,1,Anomalous,0.2087776540357229,high_porosity+resin_rich+resin_fragmented+large_pores
3,original,C:\Users\Peter\ai-imaging-portfolio\projects\05_microct_quality_monitoring_powerbi\data\dashboard_exports\slice_images\selected_slices\slice_0003_original.png,slice_0003_original.png,240.0,0.24,0.6912442396313364,bottom_0_25,0.033513182778952,0.2845700300367115,0.6739626209811992,0.2634876369292497,1,Anomalous,0.1808656145572199,high_porosity+resin_rich+resin_fragmented
3,segmentation,C:\Users\Peter\ai-imaging-portfolio\projects\05_microct_quality_monitoring_powerbi\data\dashboard_exports\slice_images\selected_slices\slice_0003_segmentation.png,slice_0003_segmentation.png,240.0,0.24,0.6912442396313364,bottom_0_25,0.033513182778952,0.2845700300367115,0.6739626209811992,0.2634876369292497,1,Anomalous,0.1808656145572199,high_porosity+resin_rich+resin_fragmented
3,pore_mask,C:\Users\Peter\ai-imaging-portfolio\projects\05_microct_quality_monitoring_powerbi\data\dashboard_exports\slice_images\selected_slices\slice_0003_pore_mask.png,slice_0003_pore_mask.png,240.0,0.24,0.6912442396313364,bottom_0_25,0.033513182778952,0.2845700300367115,0.6739626209811992,0.2634876369292497,1,Anomalous,0.1808656145572199,high_porosity+resin_rich+resin_fragmented
3,resin_mask,C:\Users\Peter\ai-imaging-portfolio\projects\05_microct_quality_monitoring_powerbi\data\dashboard_exports\slice_images\selected_slices\slice_0003_resin_mask.png,slice_0003_resin_mask.png,240.0,0.24,0.6912442396313364,bottom_0_25,0.033513182778952,0.2845700300367115,0.6739626209811992,0.2634876369292497,1,Anomalous,0.1808656145572199,high_porosity+resin_rich+resin_fragmented
4,original,C:\Users\Peter\ai-imaging-portfolio\projects\05_microct_quality_monitoring_powerbi\data\dashboard_exports\slice_images\selected_slices\slice_0004_original.png,slice_0004_original.png,320.0,0.32,0.9216589861751152,bottom_0_25,0.0289520525086216,0.2654911558571587,0.6976304372010235,0.276852525533433,1,Anomalous,0.1643456637946632,high_porosity+resin_rich+resin_fragmented
4,segmentation,C:\Users\Peter\ai-imaging-portfolio\projects\05_microct_quality_monitoring_powerbi\data\dashboard_exports\slice_images\selected_slices\slice_0004_segmentation.png,slice_0004_segmentation.png,320.0,0.32,0.9216589861751152,bottom_0_25,0.0289520525086216,0.2654911558571587,0.6976304372010235,0.276852525533433,1,Anomalous,0.1643456637946632,high_porosity+resin_rich+resin_fragmented
4,pore_mask,C:\Users\Peter\ai-imaging-portfolio\projects\05_microct_quality_monitoring_powerbi\data\dashboard_exports\slice_images\selected_slices\slice_0004_pore_mask.png,slice_0004_pore_mask.png,320.0,0.32,0.9216589861751152,bottom_0_25,0.0289520525086216,0.2654911558571587,0.6976304372010235,0.276852525533433,1,Anomalous,0.1643456637946632,high_porosity+resin_rich+resin_fragmented
4,resin_mask,C:\Users\Peter\ai-imaging-portfolio\projects\05_microct_quality_monitoring_powerbi\data\dashboard_exports\slice_images\selected_slices\slice_0004_resin_mask.png,slice_0004_resin_mask.png,320.0,0.32,0.9216589861751152,bottom_0_25,0.0289520525086216,0.2654911558571587,0.6976304372010235,0.276852525533433,1,Anomalous,0.1643456637946632,high_porosity+resin_rich+resin_fragmented
5,original,C:\Users\Peter\ai-imaging-portfolio\projects\05_microct_quality_monitoring_powerbi\data\dashboard_exports\slice_images\selected_slices\slice_0005_original.png,slice_0005_original.png,400.0,0.4,1.152073732718894,bottom_0_25,0.0255033930359328,0.2544498831905663,0.7127600400489487,0.2857322744764277,1,Anomalous,0.1500860669321205,high_porosity+resin_rich+resin_fragmented
5,segmentation,C:\Users\Peter\ai-imaging-portfolio\projects\05_microct_quality_monitoring_powerbi\data\dashboard_exports\slice_images\selected_slices\slice_0005_segmentation.png,slice_0005_segmentation.png,400.0,0.4,1.152073732718894,bottom_0_25,0.0255033930359328,0.2544498831905663,0.7127600400489487,0.2857322744764277,1,Anomalous,0.1500860669321205,high_porosity+resin_rich+resin_fragmented
5,pore_mask,C:\Users\Peter\ai-imaging-portfolio\projects\05_microct_quality_monitoring_powerbi\data\dashboard_exports\slice_images\selected_slices\slice_0005_pore_mask.png,slice_0005_pore_mask.png,400.0,0.4,1.152073732718894,bottom_0_25,0.0255033930359328,0.2544498831905663,0.7127600400489487,0.2857322744764277,1,Anomalous,0.1500860669321205,high_porosity+resin_rich+resin_fragmented
5,resin_mask,C:\Users\Peter\ai-imaging-portfolio\projects\05_microct_quality_monitoring_powerbi\data\dashboard_exports\slice_images\selected_slices\slice_0005_resin_mask.png,slice_0005_resin_mask.png,400.0,0.4,1.152073732718894,bottom_0_25,0.0255033930359328,0.2544498831905663,0.7127600400489487,0.2857322744764277,1,Anomalous,0.1500860669321205,high_porosity+resin_rich+resin_fragmented
6,original,C:\Users\Peter\ai-imaging-portfolio\projects\05_microct_quality_monitoring_powerbi\data\dashboard_exports\slice_images\selected_slices\slice_0006_original.png,slice_0006_original.png,480.0,0.48,1.3824884792626728,bottom_0_25,0.0225275336522416,0.2446045166314384,0.7246634775837134,0.2930243971868135,1,Anomalous,0.1323118930038266,high_porosity+resin_rich+resin_fragmented
6,segmentation,C:\Users\Peter\ai-imaging-portfolio\projects\05_microct_quality_monitoring_powerbi\data\dashboard_exports\slice_images\selected_slices\slice_0006_segmentation.png,slice_0006_segmentation.png,480.0,0.48,1.3824884792626728,bottom_0_25,0.0225275336522416,0.2446045166314384,0.7246634775837134,0.2930243971868135,1,Anomalous,0.1323118930038266,high_porosity+resin_rich+resin_fragmented
6,pore_mask,C:\Users\Peter\ai-imaging-portfolio\projects\05_microct_quality_monitoring_powerbi\data\dashboard_exports\slice_images\selected_slices\slice_0006_pore_mask.png,slice_0006_pore_mask.png,480.0,0.48,1.3824884792626728,bottom_0_25,0.0225275336522416,0.2446045166314384,0.7246634775837134,0.2930243971868135,1,Anomalous,0.1323118930038266,high_porosity+resin_rich+resin_fragmented
6,resin_mask,C:\Users\Peter\ai-imaging-portfolio\projects\05_microct_quality_monitoring_powerbi\data\dashboard_exports\slice_images\selected_slices\slice_0006_resin_mask.png,slice_0006_resin_mask.png,480.0,0.48,1.3824884792626728,bottom_0_25,0.0225275336522416,0.2446045166314384,0.7246634775837134,0.2930243971868135,1,Anomalous,0.1323118930038266,high_porosity+resin_rich+resin_fragmented
7,original,C:\Users\Peter\ai-imaging-portfolio\projects\05_microct_quality_monitoring_powerbi\data\dashboard_exports\slice_images\selected_slices\slice_0007_original.png,slice_0007_original.png,560.0,0.56,1.6129032258064515,bottom_0_25,0.0179664033819112,0.2387084214039381,0.7353988207809545,0.3000254924148153,1,Anomalous,0.1010829050083605,high_porosity+resin_rich+resin_fragmented
7,segmentation,C:\Users\Peter\ai-imaging-portfolio\projects\05_microct_quality_monitoring_powerbi\data\dashboard_exports\slice_images\selected_slices\slice_0007_segmentation.png,slice_0007_segmentation.png,560.0,0.56,1.6129032258064515,bottom_0_25,0.0179664033819112,0.2387084214039381,0.7353988207809545,0.3000254924148153,1,Anomalous,0.1010829050083605,high_porosity+resin_rich+resin_fragmented
7,pore_mask,C:\Users\Peter\ai-imaging-portfolio\projects\05_microct_quality_monitoring_powerbi\data\dashboard_exports\slice_images\selected_slices\slice_0007_pore_mask.png,slice_0007_pore_mask.png,560.0,0.56,1.6129032258064515,bottom_0_25,0.0179664033819112,0.2387084214039381,0.7353988207809545,0.3000254924148153,1,Anomalous,0.1010829050083605,high_porosity+resin_rich+resin_fragmented
7,resin_mask,C:\Users\Peter\ai-imaging-portfolio\projects\05_microct_quality_monitoring_powerbi\data\dashboard_exports\slice_images\selected_slices\slice_0007_resin_mask.png,slice_0007_resin_mask.png,560.0,0.56,1.6129032258064515,bottom_0_25,0.0179664033819112,0.2387084214039381,0.7353988207809545,0.3000254924148153,1,Anomalous,0.1010829050083605,high_porosity+resin_rich+resin_fragmented
8,original,C:\Users\Peter\ai-imaging-portfolio\projects\05_microct_quality_monitoring_powerbi\data\dashboard_exports\slice_images\selected_slices\slice_0008_original.png,slice_0008_original.png,640.0,0.64,1.8433179723502304,bottom_0_25,0.0132662142618756,0.2416286572477472,0.7379575036155301,0.3025207419827811,1,Anomalous,0.0848388401209111,resin_rich+resin_fragmented
8,segmentation,C:\Users\Peter\ai-imaging-portfolio\projects\05_microct_quality_monitoring_powerbi\data\dashboard_exports\slice_images\selected_slices\slice_0008_segmentation.png,slice_0008_segmentation.png,640.0,0.64,1.8433179723502304,bottom_0_25,0.0132662142618756,0.2416286572477472,0.7379575036155301,0.3025207419827811,1,Anomalous,0.0848388401209111,resin_rich+resin_fragmented
8,pore_mask,C:\Users\Peter\ai-imaging-portfolio\projects\05_microct_quality_monitoring_powerbi\data\dashboard_exports\slice_images\selected_slices\slice_0008_pore_mask.png,slice_0008_pore_mask.png,640.0,0.64,1.8433179723502304,bottom_0_25,0.0132662142618756,0.2416286572477472,0.7379575036155301,0.3025207419827811,1,Anomalous,0.0848388401209111,resin_rich+resin_fragmented
8,resin_mask,C:\Users\Peter\ai-imaging-portfolio\projects\05_microct_quality_monitoring_powerbi\data\dashboard_exports\slice_images\selected_slices\slice_0008_resin_mask.png,slice_0008_resin_mask.png,640.0,0.64,1.8433179723502304,bottom_0_25,0.0132662142618756,0.2416286572477472,0.7379575036155301,0.3025207419827811,1,Anomalous,0.0848388401209111,resin_rich+resin_fragmented
9,original,C:\Users\Peter\ai-imaging-portfolio\projects\05_microct_quality_monitoring_powerbi\data\dashboard_exports\slice_images\selected_slices\slice_0009_original.png,slice_0009_original.png,720.0,0.72,2.0737327188940093,bottom_0_25,0.0119868728445878,0.2399321392813438,0.7419345867170987,0.3049206029098424,1,Anomalous,0.04929989785328,resin_rich+resin_fragmented
9,segmentation,C:\Users\Peter\ai-imaging-portfolio\projects\05_microct_quality_monitoring_powerbi\data\dashboard_exports\slice_images\selected_slices\slice_0009_segmentation.png,slice_0009_segmentation.png,720.0,0.72,2.0737327188940093,bottom_0_25,0.0119868728445878,0.2399321392813438,0.7419345867170987,0.3049206029098424,1,Anomalous,0.04929989785328,resin_rich+resin_fragmented
9,pore_mask,C:\Users\Peter\ai-imaging-portfolio\projects\05_microct_quality_monitoring_powerbi\data\dashboard_exports\slice_images\selected_slices\slice_0009_pore_mask.png,slice_0009_pore_mask.png,720.0,0.72,2.0737327188940093,bottom_0_25,0.0119868728445878,0.2399321392813438,0.7419345867170987,0.3049206029098424,1,Anomalous,0.04929989785328,resin_rich+resin_fragmented
9,resin_mask,C:\Users\Peter\ai-imaging-portfolio\projects\05_microct_quality_monitoring_powerbi\data\dashboard_exports\slice_images\selected_slices\slice_0009_resin_mask.png,slice_0009_resin_mask.png,720.0,0.72,2.0737327188940093,bottom_0_25,0.0119868728445878,0.2399321392813438,0.7419345867170987,0.3049206029098424,1,Anomalous,0.04929989785328,resin_rich+resin_fragmented
43,original,C:\Users\Peter\ai-imaging-portfolio\projects\05_microct_quality_monitoring_powerbi\data\dashboard_exports\slice_images\selected_slices\slice_0043_original.png,slice_0043_original.png,3440.0,3.44,9.90783410138249,bottom_0_25,0.0035042830125709,0.2168483702302814,0.7743352986984091,0.324976551240726,0,Normal,-0.1716457315475726,normal
43,segmentation,C:\Users\Peter\ai-imaging-portfolio\projects\05_microct_quality_monitoring_powerbi\data\dashboard_exports\slice_images\selected_slices\slice_0043_segmentation.png,slice_0043_segmentation.png,3440.0,3.44,9.90783410138249,bottom_0_25,0.0035042830125709,0.2168483702302814,0.7743352986984091,0.324976551240726,0,Normal,-0.1716457315475726,normal
43,pore_mask,C:\Users\Peter\ai-imaging-portfolio\projects\05_microct_quality_monitoring_powerbi\data\dashboard_exports\slice_images\selected_slices\slice_0043_pore_mask.png,slice_0043_pore_mask.png,3440.0,3.44,9.90783410138249,bottom_0_25,0.0035042830125709,0.2168483702302814,0.7743352986984091,0.324976551240726,0,Normal,-0.1716457315475726,normal
43,resin_mask,C:\Users\Peter\ai-imaging-portfolio\projects\05_microct_quality_monitoring_powerbi\data\dashboard_exports\slice_images\selected_slices\slice_0043_resin_mask.png,slice_0043_resin_mask.png,3440.0,3.44,9.90783410138249,bottom_0_25,0.0035042830125709,0.2168483702302814,0.7743352986984091,0.324976551240726,0,Normal,-0.1716457315475726,normal
130,original,C:\Users\Peter\ai-imaging-portfolio\projects\05_microct_quality_monitoring_powerbi\data\dashboard_exports\slice_images\selected_slices\slice_0130_original.png,slice_0130_original.png,10400.0,10.4,29.95391705069124,lower_middle_25_50,0.003615530092335,0.2212148181110245,0.7729447102013572,0.323800815203742,0,Normal,-0.1144277573021993,normal
130,segmentation,C:\Users\Peter\ai-imaging-portfolio\projects\05_microct_quality_monitoring_powerbi\data\dashboard_exports\slice_images\selected_slices\slice_0130_segmentation.png,slice_0130_segmentation.png,10400.0,10.4,29.95391705069124,lower_middle_25_50,0.003615530092335,0.2212148181110245,0.7729447102013572,0.323800815203742,0,Normal,-0.1144277573021993,normal
130,pore_mask,C:\Users\Peter\ai-imaging-portfolio\projects\05_microct_quality_monitoring_powerbi\data\dashboard_exports\slice_images\selected_slices\slice_0130_pore_mask.png,slice_0130_pore_mask.png,10400.0,10.4,29.95391705069124,lower_middle_25_50,0.003615530092335,0.2212148181110245,0.7729447102013572,0.323800815203742,0,Normal,-0.1144277573021993,normal
130,resin_mask,C:\Users\Peter\ai-imaging-portfolio\projects\05_microct_quality_monitoring_powerbi\data\dashboard_exports\slice_images\selected_slices\slice_0130_resin_mask.png,slice_0130_resin_mask.png,10400.0,10.4,29.95391705069124,lower_middle_25_50,0.003615530092335,0.2212148181110245,0.7729447102013572,0.323800815203742,0,Normal,-0.1144277573021993,normal
194,original,C:\Users\Peter\ai-imaging-portfolio\projects\05_microct_quality_monitoring_powerbi\data\dashboard_exports\slice_images\selected_slices\slice_0194_original.png,slice_0194_original.png,15520.0,15.52,44.70046082949309,lower_middle_25_50,0.0458337968628323,0.2073367449104461,0.7437145399933252,0.2982955046628185,1,Anomalous,0.0016805808908429,high_porosity+resin_fragmented+large_pores
194,segmentation,C:\Users\Peter\ai-imaging-portfolio\projects\05_microct_quality_monitoring_powerbi\data\dashboard_exports\slice_images\selected_slices\slice_0194_segmentation.png,slice_0194_segmentation.png,15520.0,15.52,44.70046082949309,lower_middle_25_50,0.0458337968628323,0.2073367449104461,0.7437145399933252,0.2982955046628185,1,Anomalous,0.0016805808908429,high_porosity+resin_fragmented+large_pores
194,pore_mask,C:\Users\Peter\ai-imaging-portfolio\projects\05_microct_quality_monitoring_powerbi\data\dashboard_exports\slice_images\selected_slices\slice_0194_pore_mask.png,slice_0194_pore_mask.png,15520.0,15.52,44.70046082949309,lower_middle_25_50,0.0458337968628323,0.2073367449104461,0.7437145399933252,0.2982955046628185,1,Anomalous,0.0016805808908429,high_porosity+resin_fragmented+large_pores
194,resin_mask,C:\Users\Peter\ai-imaging-portfolio\projects\05_microct_quality_monitoring_powerbi\data\dashboard_exports\slice_images\selected_slices\slice_0194_resin_mask.png,slice_0194_resin_mask.png,15520.0,15.52,44.70046082949309,lower_middle_25_50,0.0458337968628323,0.2073367449104461,0.7437145399933252,0.2982955046628185,1,Anomalous,0.0016805808908429,high_porosity+resin_fragmented+large_pores
196,original,C:\Users\Peter\ai-imaging-portfolio\projects\05_microct_quality_monitoring_powerbi\data\dashboard_exports\slice_images\selected_slices\slice_0196_original.png,slice_0196_original.png,15680.0,15.68,45.16129032258064,lower_middle_25_50,0.0466681499610635,0.1951273779063299,0.7558404716876183,0.3053894958906158,0,Normal,-0.004625871376773,normal
196,segmentation,C:\Users\Peter\ai-imaging-portfolio\projects\05_microct_quality_monitoring_powerbi\data\dashboard_exports\slice_images\selected_slices\slice_0196_segmentation.png,slice_0196_segmentation.png,15680.0,15.68,45.16129032258064,lower_middle_25_50,0.0466681499610635,0.1951273779063299,0.7558404716876183,0.3053894958906158,0,Normal,-0.004625871376773,normal
196,pore_mask,C:\Users\Peter\ai-imaging-portfolio\projects\05_microct_quality_monitoring_powerbi\data\dashboard_exports\slice_images\selected_slices\slice_0196_pore_mask.png,slice_0196_pore_mask.png,15680.0,15.68,45.16129032258064,lower_middle_25_50,0.0466681499610635,0.1951273779063299,0.7558404716876183,0.3053894958906158,0,Normal,-0.004625871376773,normal
196,resin_mask,C:\Users\Peter\ai-imaging-portfolio\projects\05_microct_quality_monitoring_powerbi\data\dashboard_exports\slice_images\selected_slices\slice_0196_resin_mask.png,slice_0196_resin_mask.png,15680.0,15.68,45.16129032258064,lower_middle_25_50,0.0466681499610635,0.1951273779063299,0.7558404716876183,0.3053894958906158,0,Normal,-0.004625871376773,normal
197,original,C:\Users\Peter\ai-imaging-portfolio\projects\05_microct_quality_monitoring_powerbi\data\dashboard_exports\slice_images\selected_slices\slice_0197_original.png,slice_0197_original.png,15760.0,15.76,45.39170506912442,lower_middle_25_50,0.0469184558905328,0.1912059183446434,0.7594281900100123,0.3075649060772935,1,Anomalous,0.0056762476573838,high_porosity+large_pores
197,segmentation,C:\Users\Peter\ai-imaging-portfolio\projects\05_microct_quality_monitoring_powerbi\data\dashboard_exports\slice_images\selected_slices\slice_0197_segmentation.png,slice_0197_segmentation.png,15760.0,15.76,45.39170506912442,lower_middle_25_50,0.0469184558905328,0.1912059183446434,0.7594281900100123,0.3075649060772935,1,Anomalous,0.0056762476573838,high_porosity+large_pores
197,pore_mask,C:\Users\Peter\ai-imaging-portfolio\projects\05_microct_quality_monitoring_powerbi\data\dashboard_exports\slice_images\selected_slices\slice_0197_pore_mask.png,slice_0197_pore_mask.png,15760.0,15.76,45.39170506912442,lower_middle_25_50,0.0469184558905328,0.1912059183446434,0.7594281900100123,0.3075649060772935,1,Anomalous,0.0056762476573838,high_porosity+large_pores
197,resin_mask,C:\Users\Peter\ai-imaging-portfolio\projects\05_microct_quality_monitoring_powerbi\data\dashboard_exports\slice_images\selected_slices\slice_0197_resin_mask.png,slice_0197_resin_mask.png,15760.0,15.76,45.39170506912442,lower_middle_25_50,0.0469184558905328,0.1912059183446434,0.7594281900100123,0.3075649060772935,1,Anomalous,0.0056762476573838,high_porosity+large_pores
198,original,C:\Users\Peter\ai-imaging-portfolio\projects\05_microct_quality_monitoring_powerbi\data\dashboard_exports\slice_images\selected_slices\slice_0198_original.png,slice_0198_original.png,15840.0,15.84,45.622119815668206,lower_middle_25_50,0.0481421737679385,0.1898709533874736,0.7594281900100123,0.3073923098985805,0,Normal,-0.001047047969227,normal
198,segmentation,C:\Users\Peter\ai-imaging-portfolio\projects\05_microct_quality_monitoring_powerbi\data\dashboard_exports\slice_images\selected_slices\slice_0198_segmentation.png,slice_0198_segmentation.png,15840.0,15.84,45.622119815668206,lower_middle_25_50,0.0481421737679385,0.1898709533874736,0.7594281900100123,0.3073923098985805,0,Normal,-0.001047047969227,normal
198,pore_mask,C:\Users\Peter\ai-imaging-portfolio\projects\05_microct_quality_monitoring_powerbi\data\dashboard_exports\slice_images\selected_slices\slice_0198_pore_mask.png,slice_0198_pore_mask.png,15840.0,15.84,45.622119815668206,lower_middle_25_50,0.0481421737679385,0.1898709533874736,0.7594281900100123,0.3073923098985805,0,Normal,-0.001047047969227,normal
198,resin_mask,C:\Users\Peter\ai-imaging-portfolio\projects\05_microct_quality_monitoring_powerbi\data\dashboard_exports\slice_images\selected_slices\slice_0198_resin_mask.png,slice_0198_resin_mask.png,15840.0,15.84,45.622119815668206,lower_middle_25_50,0.0481421737679385,0.1898709533874736,0.7594281900100123,0.3073923098985805,0,Normal,-0.001047047969227,normal
199,original,C:\Users\Peter\ai-imaging-portfolio\projects\05_microct_quality_monitoring_powerbi\data\dashboard_exports\slice_images\selected_slices\slice_0199_original.png,slice_0199_original.png,15920.0,15.92,45.85253456221199,lower_middle_25_50,0.0483646679274669,0.1892312826788297,0.7587050839915452,0.307087993221478,1,Anomalous,0.0033544087392852,high_porosity+resin_fragmented+large_pores
199,segmentation,C:\Users\Peter\ai-imaging-portfolio\projects\05_microct_quality_monitoring_powerbi\data\dashboard_exports\slice_images\selected_slices\slice_0199_segmentation.png,slice_0199_segmentation.png,15920.0,15.92,45.85253456221199,lower_middle_25_50,0.0483646679274669,0.1892312826788297,0.7587050839915452,0.307087993221478,1,Anomalous,0.0033544087392852,high_porosity+resin_fragmented+large_pores
199,pore_mask,C:\Users\Peter\ai-imaging-portfolio\projects\05_microct_quality_monitoring_powerbi\data\dashboard_exports\slice_images\selected_slices\slice_0199_pore_mask.png,slice_0199_pore_mask.png,15920.0,15.92,45.85253456221199,lower_middle_25_50,0.0483646679274669,0.1892312826788297,0.7587050839915452,0.307087993221478,1,Anomalous,0.0033544087392852,high_porosity+resin_fragmented+large_pores
199,resin_mask,C:\Users\Peter\ai-imaging-portfolio\projects\05_microct_quality_monitoring_powerbi\data\dashboard_exports\slice_images\selected_slices\slice_0199_resin_mask.png,slice_0199_resin_mask.png,15920.0,15.92,45.85253456221199,lower_middle_25_50,0.0483646679274669,0.1892312826788297,0.7587050839915452,0.307087993221478,1,Anomalous,0.0033544087392852,high_porosity+resin_fragmented+large_pores
200,original,C:\Users\Peter\ai-imaging-portfolio\projects\05_microct_quality_monitoring_powerbi\data\dashboard_exports\slice_images\selected_slices\slice_0200_original.png,slice_0200_original.png,16000.0,16.0,46.08294930875576,lower_middle_25_50,0.0481143619979975,0.1886750472800089,0.7593725664701302,0.3075605086059633,0,Normal,-0.003011207218322,normal
200,segmentation,C:\Users\Peter\ai-imaging-portfolio\projects\05_microct_quality_monitoring_powerbi\data\dashboard_exports\slice_images\selected_slices\slice_0200_segmentation.png,slice_0200_segmentation.png,16000.0,16.0,46.08294930875576,lower_middle_25_50,0.0481143619979975,0.1886750472800089,0.7593725664701302,0.3075605086059633,0,Normal,-0.003011207218322,normal
200,pore_mask,C:\Users\Peter\ai-imaging-portfolio\projects\05_microct_quality_monitoring_powerbi\data\dashboard_exports\slice_images\selected_slices\slice_0200_pore_mask.png,slice_0200_pore_mask.png,16000.0,16.0,46.08294930875576,lower_middle_25_50,0.0481143619979975,0.1886750472800089,0.7593725664701302,0.3075605086059633,0,Normal,-0.003011207218322,normal
200,resin_mask,C:\Users\Peter\ai-imaging-portfolio\projects\05_microct_quality_monitoring_powerbi\data\dashboard_exports\slice_images\selected_slices\slice_0200_resin_mask.png,slice_0200_resin_mask.png,16000.0,16.0,46.08294930875576,lower_middle_25_50,0.0481143619979975,0.1886750472800089,0.7593725664701302,0.3075605086059633,0,Normal,-0.003011207218322,normal
201,original,C:\Users\Peter\ai-imaging-portfolio\projects\05_microct_quality_monitoring_powerbi\data\dashboard_exports\slice_images\selected_slices\slice_0201_original.png,slice_0201_original.png,16080.0,16.08,46.31336405529954,lower_middle_25_50,0.0481699855378796,0.1872010234731338,0.7610968962064746,0.3085721385502341,0,Normal,-0.0100800659570687,normal
201,segmentation,C:\Users\Peter\ai-imaging-portfolio\projects\05_microct_quality_monitoring_powerbi\data\dashboard_exports\slice_images\selected_slices\slice_0201_segmentation.png,slice_0201_segmentation.png,16080.0,16.08,46.31336405529954,lower_middle_25_50,0.0481699855378796,0.1872010234731338,0.7610968962064746,0.3085721385502341,0,Normal,-0.0100800659570687,normal
201,pore_mask,C:\Users\Peter\ai-imaging-portfolio\projects\05_microct_quality_monitoring_powerbi\data\dashboard_exports\slice_images\selected_slices\slice_0201_pore_mask.png,slice_0201_pore_mask.png,16080.0,16.08,46.31336405529954,lower_middle_25_50,0.0481699855378796,0.1872010234731338,0.7610968962064746,0.3085721385502341,0,Normal,-0.0100800659570687,normal
201,resin_mask,C:\Users\Peter\ai-imaging-portfolio\projects\05_microct_quality_monitoring_powerbi\data\dashboard_exports\slice_images\selected_slices\slice_0201_resin_mask.png,slice_0201_resin_mask.png,16080.0,16.08,46.31336405529954,lower_middle_25_50,0.0481699855378796,0.1872010234731338,0.7610968962064746,0.3085721385502341,0,Normal,-0.0100800659570687,normal
202,original,C:\Users\Peter\ai-imaging-portfolio\projects\05_microct_quality_monitoring_powerbi\data\dashboard_exports\slice_images\selected_slices\slice_0202_original.png,slice_0202_original.png,16160.0,16.16,46.54377880184332,lower_middle_25_50,0.047752808988764,0.1904271887862943,0.7583991545221938,0.3069502965433637,0,Normal,-0.0190899651253713,normal
202,segmentation,C:\Users\Peter\ai-imaging-portfolio\projects\05_microct_quality_monitoring_powerbi\data\dashboard_exports\slice_images\selected_slices\slice_0202_segmentation.png,slice_0202_segmentation.png,16160.0,16.16,46.54377880184332,lower_middle_25_50,0.047752808988764,0.1904271887862943,0.7583991545221938,0.3069502965433637,0,Normal,-0.0190899651253713,normal
202,pore_mask,C:\Users\Peter\ai-imaging-portfolio\projects\05_microct_quality_monitoring_powerbi\data\dashboard_exports\slice_images\selected_slices\slice_0202_pore_mask.png,slice_0202_pore_mask.png,16160.0,16.16,46.54377880184332,lower_middle_25_50,0.047752808988764,0.1904271887862943,0.7583991545221938,0.3069502965433637,0,Normal,-0.0190899651253713,normal
202,resin_mask,C:\Users\Peter\ai-imaging-portfolio\projects\05_microct_quality_monitoring_powerbi\data\dashboard_exports\slice_images\selected_slices\slice_0202_resin_mask.png,slice_0202_resin_mask.png,16160.0,16.16,46.54377880184332,lower_middle_25_50,0.047752808988764,0.1904271887862943,0.7583991545221938,0.3069502965433637,0,Normal,-0.0190899651253713,normal
217,original,C:\Users\Peter\ai-imaging-portfolio\projects\05_microct_quality_monitoring_powerbi\data\dashboard_exports\slice_images\selected_slices\slice_0217_original.png,slice_0217_original.png,17360.0,17.36,50.0,lower_middle_25_50,0.0133218378017577,0.2076426743797975,0.7750584047168761,0.3231724334947006,0,Normal,-0.1592846637594228,normal
217,segmentation,C:\Users\Peter\ai-imaging-portfolio\projects\05_microct_quality_monitoring_powerbi\data\dashboard_exports\slice_images\selected_slices\slice_0217_segmentation.png,slice_0217_segmentation.png,17360.0,17.36,50.0,lower_middle_25_50,0.0133218378017577,0.2076426743797975,0.7750584047168761,0.3231724334947006,0,Normal,-0.1592846637594228,normal
217,pore_mask,C:\Users\Peter\ai-imaging-portfolio\projects\05_microct_quality_monitoring_powerbi\data\dashboard_exports\slice_images\selected_slices\slice_0217_pore_mask.png,slice_0217_pore_mask.png,17360.0,17.36,50.0,lower_middle_25_50,0.0133218378017577,0.2076426743797975,0.7750584047168761,0.3231724334947006,0,Normal,-0.1592846637594228,normal
217,resin_mask,C:\Users\Peter\ai-imaging-portfolio\projects\05_microct_quality_monitoring_powerbi\data\dashboard_exports\slice_images\selected_slices\slice_0217_resin_mask.png,slice_0217_resin_mask.png,17360.0,17.36,50.0,lower_middle_25_50,0.0133218378017577,0.2076426743797975,0.7750584047168761,0.3231724334947006,0,Normal,-0.1592846637594228,normal
304,original,C:\Users\Peter\ai-imaging-portfolio\projects\05_microct_quality_monitoring_powerbi\data\dashboard_exports\slice_images\selected_slices\slice_0304_original.png,slice_0304_original.png,24320.0,24.32,70.04608294930875,upper_middle_50_75,0.0037824007119813,0.2105350984536655,0.7833741239292469,0.3297565570134266,0,Normal,-0.1733934984723609,normal
304,segmentation,C:\Users\Peter\ai-imaging-portfolio\projects\05_microct_quality_monitoring_powerbi\data\dashboard_exports\slice_images\selected_slices\slice_0304_segmentation.png,slice_0304_segmentation.png,24320.0,24.32,70.04608294930875,upper_middle_50_75,0.0037824007119813,0.2105350984536655,0.7833741239292469,0.3297565570134266,0,Normal,-0.1733934984723609,normal
304,pore_mask,C:\Users\Peter\ai-imaging-portfolio\projects\05_microct_quality_monitoring_powerbi\data\dashboard_exports\slice_images\selected_slices\slice_0304_pore_mask.png,slice_0304_pore_mask.png,24320.0,24.32,70.04608294930875,upper_middle_50_75,0.0037824007119813,0.2105350984536655,0.7833741239292469,0.3297565570134266,0,Normal,-0.1733934984723609,normal
304,resin_mask,C:\Users\Peter\ai-imaging-portfolio\projects\05_microct_quality_monitoring_powerbi\data\dashboard_exports\slice_images\selected_slices\slice_0304_resin_mask.png,slice_0304_resin_mask.png,24320.0,24.32,70.04608294930875,upper_middle_50_75,0.0037824007119813,0.2105350984536655,0.7833741239292469,0.3297565570134266,0,Normal,-0.1733934984723609,normal
391,original,C:\Users\Peter\ai-imaging-portfolio\projects\05_microct_quality_monitoring_powerbi\data\dashboard_exports\slice_images\selected_slices\slice_0391_original.png,slice_0391_original.png,31280.0,31.28,90.09216589861752,top_75_100,0.0362943597730559,0.2086717098676159,0.7513071531872288,0.3046693052253056,0,Normal,-0.0523026918343069,normal
391,segmentation,C:\Users\Peter\ai-imaging-portfolio\projects\05_microct_quality_monitoring_powerbi\data\dashboard_exports\slice_images\selected_slices\slice_0391_segmentation.png,slice_0391_segmentation.png,31280.0,31.28,90.09216589861752,top_75_100,0.0362943597730559,0.2086717098676159,0.7513071531872288,0.3046693052253056,0,Normal,-0.0523026918343069,normal
391,pore_mask,C:\Users\Peter\ai-imaging-portfolio\projects\05_microct_quality_monitoring_powerbi\data\dashboard_exports\slice_images\selected_slices\slice_0391_pore_mask.png,slice_0391_pore_mask.png,31280.0,31.28,90.09216589861752,top_75_100,0.0362943597730559,0.2086717098676159,0.7513071531872288,0.3046693052253056,0,Normal,-0.0523026918343069,normal
391,resin_mask,C:\Users\Peter\ai-imaging-portfolio\projects\05_microct_quality_monitoring_powerbi\data\dashboard_exports\slice_images\selected_slices\slice_0391_resin_mask.png,slice_0391_resin_mask.png,31280.0,31.28,90.09216589861752,top_75_100,0.0362943597730559,0.2086717098676159,0.7513071531872288,0.3046693052253056,0,Normal,-0.0523026918343069,normal
414,original,C:\Users\Peter\ai-imaging-portfolio\projects\05_microct_quality_monitoring_powerbi\data\dashboard_exports\slice_images\selected_slices\slice_0414_original.png,slice_0414_original.png,33120.0,33.12,95.39170506912444,top_75_100,0.0237512515296473,0.2404327511402825,0.732895761486261,0.2967147198599547,0,Normal,-0.002502865862254,normal
414,segmentation,C:\Users\Peter\ai-imaging-portfolio\projects\05_microct_quality_monitoring_powerbi\data\dashboard_exports\slice_images\selected_slices\slice_0414_segmentation.png,slice_0414_segmentation.png,33120.0,33.12,95.39170506912444,top_75_100,0.0237512515296473,0.2404327511402825,0.732895761486261,0.2967147198599547,0,Normal,-0.002502865862254,normal
414,pore_mask,C:\Users\Peter\ai-imaging-portfolio\projects\05_microct_quality_monitoring_powerbi\data\dashboard_exports\slice_images\selected_slices\slice_0414_pore_mask.png,slice_0414_pore_mask.png,33120.0,33.12,95.39170506912444,top_75_100,0.0237512515296473,0.2404327511402825,0.732895761486261,0.2967147198599547,0,Normal,-0.002502865862254,normal
414,resin_mask,C:\Users\Peter\ai-imaging-portfolio\projects\05_microct_quality_monitoring_powerbi\data\dashboard_exports\slice_images\selected_slices\slice_0414_resin_mask.png,slice_0414_resin_mask.png,33120.0,33.12,95.39170506912444,top_75_100,0.0237512515296473,0.2404327511402825,0.732895761486261,0.2967147198599547,0,Normal,-0.002502865862254,normal
415,original,C:\Users\Peter\ai-imaging-portfolio\projects\05_microct_quality_monitoring_powerbi\data\dashboard_exports\slice_images\selected_slices\slice_0415_original.png,slice_0415_original.png,33200.0,33.2,95.6221198156682,top_75_100,0.0214428746245411,0.2405996217599288,0.7347035265324285,0.2983117508182897,0,Normal,-0.0113757422787458,normal
415,segmentation,C:\Users\Peter\ai-imaging-portfolio\projects\05_microct_quality_monitoring_powerbi\data\dashboard_exports\slice_images\selected_slices\slice_0415_segmentation.png,slice_0415_segmentation.png,33200.0,33.2,95.6221198156682,top_75_100,0.0214428746245411,0.2405996217599288,0.7347035265324285,0.2983117508182897,0,Normal,-0.0113757422787458,normal
415,pore_mask,C:\Users\Peter\ai-imaging-portfolio\projects\05_microct_quality_monitoring_powerbi\data\dashboard_exports\slice_images\selected_slices\slice_0415_pore_mask.png,slice_0415_pore_mask.png,33200.0,33.2,95.6221198156682,top_75_100,0.0214428746245411,0.2405996217599288,0.7347035265324285,0.2983117508182897,0,Normal,-0.0113757422787458,normal
415,resin_mask,C:\Users\Peter\ai-imaging-portfolio\projects\05_microct_quality_monitoring_powerbi\data\dashboard_exports\slice_images\selected_slices\slice_0415_resin_mask.png,slice_0415_resin_mask.png,33200.0,33.2,95.6221198156682,top_75_100,0.0214428746245411,0.2405996217599288,0.7347035265324285,0.2983117508182897,0,Normal,-0.0113757422787458,normal
434,original,C:\Users\Peter\ai-imaging-portfolio\projects\05_microct_quality_monitoring_powerbi\data\dashboard_exports\slice_images\selected_slices\slice_0434_original.png,slice_0434_original.png,34720.0,34.72,100.0,top_75_100,0.0138780732005784,0.2102291689843141,0.7543942596506842,0.313232895446826,0,Normal,-0.0759862431461191,normal
434,segmentation,C:\Users\Peter\ai-imaging-portfolio\projects\05_microct_quality_monitoring_powerbi\data\dashboard_exports\slice_images\selected_slices\slice_0434_segmentation.png,slice_0434_segmentation.png,34720.0,34.72,100.0,top_75_100,0.0138780732005784,0.2102291689843141,0.7543942596506842,0.313232895446826,0,Normal,-0.0759862431461191,normal
434,pore_mask,C:\Users\Peter\ai-imaging-portfolio\projects\05_microct_quality_monitoring_powerbi\data\dashboard_exports\slice_images\selected_slices\slice_0434_pore_mask.png,slice_0434_pore_mask.png,34720.0,34.72,100.0,top_75_100,0.0138780732005784,0.2102291689843141,0.7543942596506842,0.313232895446826,0,Normal,-0.0759862431461191,normal
434,resin_mask,C:\Users\Peter\ai-imaging-portfolio\projects\05_microct_quality_monitoring_powerbi\data\dashboard_exports\slice_images\selected_slices\slice_0434_resin_mask.png,slice_0434_resin_mask.png,34720.0,34.72,100.0,top_75_100,0.0138780732005784,0.2102291689843141,0.7543942596506842,0.313232895446826,0,Normal,-0.0759862431461191,normal
